[2026-09-11 14:16:10] Starting PHP scraper for tag: femboy
[2026-09-11 14:16:10] Fetching page list (pid=0)...
[2026-09-11 14:16:11] Processing Realbooru #1006949...
[2026-09-11 14:16:11]   Skipped: Post #1006949 already in DB (Post #10856).
[2026-09-11 14:16:11] Processing Realbooru #1006910...
[2026-09-11 14:16:11]   Skipped: Post #1006910 already in DB (Post #10784).
[2026-09-11 14:16:11] Processing Realbooru #1006908...
[2026-09-11 14:16:11]   Skipped: Post #1006908 already in DB (Post #10783).
[2026-09-11 14:16:11] Processing Realbooru #1006907...
[2026-09-11 14:16:11]   Skipped: Post #1006907 already in DB (Post #10782).
[2026-09-11 14:16:11] Processing Realbooru #1006903...
[2026-09-11 14:16:11]   Skipped: Post #1006903 already in DB (Post #10781).
[2026-09-11 14:16:11] Processing Realbooru #1006850...
[2026-09-11 14:16:11]   Skipped: Post #1006850 already in DB (Post #10858).
[2026-09-11 14:16:11] Processing Realbooru #1006758...
[2026-09-11 14:16:11]   Skipped: Post #1006758 already in DB (Post #8795).
[2026-09-11 14:16:11] Processing Realbooru #1006756...
[2026-09-11 14:16:11]   Skipped: Post #1006756 already in DB (Post #8796).
[2026-09-11 14:16:11] Processing Realbooru #1006715...
[2026-09-11 14:16:11]   Skipped: Post #1006715 already in DB (Post #8797).
[2026-09-11 14:16:11] Processing Realbooru #1006674...
[2026-09-11 14:16:11]   Skipped: Post #1006674 already in DB (Post #8798).
[2026-09-11 14:16:11] Processing Realbooru #1006641...
[2026-09-11 14:16:11]   Skipped: Post #1006641 already in DB (Post #8799).
[2026-09-11 14:16:11] Processing Realbooru #1006596...
[2026-09-11 14:16:11]   Skipped: Post #1006596 already in DB (Post #8800).
[2026-09-11 14:16:11] Processing Realbooru #1006573...
[2026-09-11 14:16:11]   Skipped: Post #1006573 already in DB (Post #8801).
[2026-09-11 14:16:11] Processing Realbooru #1006542...
[2026-09-11 14:16:11]   Skipped: Post #1006542 already in DB (Post #8802).
[2026-09-11 14:16:11] Processing Realbooru #1006535...
[2026-09-11 14:16:11]   Skipped: Post #1006535 already in DB (Post #8803).
[2026-09-11 14:16:11] Processing Realbooru #1006490...
[2026-09-11 14:16:11]   Skipped: Post #1006490 already in DB (Post #8804).
[2026-09-11 14:16:11] Processing Realbooru #1006486...
[2026-09-11 14:16:11]   Skipped: Post #1006486 already in DB (Post #8805).
[2026-09-11 14:16:11] Processing Realbooru #1006484...
[2026-09-11 14:18:21]   Error: File too large (max 100 MB).
[2026-09-11 14:18:21] Processing Realbooru #1006483...
[2026-09-11 14:18:21]   Skipped: Post #1006483 already in DB (Post #8806).
[2026-09-11 14:18:21] Processing Realbooru #1006477...
[2026-09-11 14:18:21]   Skipped: Post #1006477 already in DB (Post #8807).
[2026-09-11 14:18:21] Processing Realbooru #1006390...
[2026-09-11 14:18:21]   Skipped: Post #1006390 already in DB (Post #8808).
[2026-09-11 14:18:21] Processing Realbooru #1006379...
[2026-09-11 14:18:21]   Skipped: Post #1006379 already in DB (Post #8809).
[2026-09-11 14:18:21] Processing Realbooru #1005959...
[2026-09-11 14:18:21]   Skipped: Post #1005959 already in DB (Post #8810).
[2026-09-11 14:18:21] Processing Realbooru #1005957...
[2026-09-11 14:18:21]   Skipped: Post #1005957 already in DB (Post #8811).
[2026-09-11 14:18:21] Processing Realbooru #1005956...
[2026-09-11 14:18:21]   Skipped: Post #1005956 already in DB (Post #8812).
[2026-09-11 14:18:21] Processing Realbooru #1005955...
[2026-09-11 14:18:21]   Skipped: Post #1005955 already in DB (Post #8813).
[2026-09-11 14:18:21] Processing Realbooru #1005879...
[2026-09-11 14:18:21]   Skipped: Post #1005879 already in DB (Post #8814).
[2026-09-11 14:18:21] Processing Realbooru #1005856...
[2026-09-11 14:18:21]   Skipped: Post #1005856 already in DB (Post #8815).
[2026-09-11 14:18:21] Processing Realbooru #1005847...
[2026-09-11 14:18:21]   Skipped: Post #1005847 already in DB (Post #8816).
[2026-09-11 14:18:21] Processing Realbooru #1005846...
[2026-09-11 14:18:21]   Skipped: Post #1005846 already in DB (Post #8817).
[2026-09-11 14:18:21] Processing Realbooru #1005844...
[2026-09-11 14:18:21]   Skipped: Post #1005844 already in DB (Post #8818).
[2026-09-11 14:18:21] Processing Realbooru #1005775...
[2026-09-11 14:18:21]   Skipped: Post #1005775 already in DB (Post #8819).
[2026-09-11 14:18:21] Processing Realbooru #1005754...
[2026-09-11 14:18:21]   Skipped: Post #1005754 already in DB (Post #8820).
[2026-09-11 14:18:21] Processing Realbooru #1005737...
[2026-09-11 14:18:21]   Skipped: Post #1005737 already in DB (Post #8821).
[2026-09-11 14:18:21] Processing Realbooru #1005657...
[2026-09-11 14:18:21]   Skipped: Post #1005657 already in DB (Post #8822).
[2026-09-11 14:18:21] Processing Realbooru #1005627...
[2026-09-11 14:18:21]   Skipped: Post #1005627 already in DB (Post #8823).
[2026-09-11 14:18:21] Fetching page list (pid=42)...
[2026-09-11 14:18:23] Processing Realbooru #1005625...
[2026-09-11 14:18:23]   Skipped: Post #1005625 already in DB (Post #8825).
[2026-09-11 14:18:23] Processing Realbooru #1005624...
[2026-09-11 14:18:23]   Skipped: Post #1005624 already in DB (Post #8826).
[2026-09-11 14:18:23] Processing Realbooru #1005507...
[2026-09-11 14:18:23]   Skipped: Post #1005507 already in DB (Post #8827).
[2026-09-11 14:18:23] Processing Realbooru #1005505...
[2026-09-11 14:18:23]   Skipped: Post #1005505 already in DB (Post #8828).
[2026-09-11 14:18:23] Processing Realbooru #1005502...
[2026-09-11 14:18:23]   Skipped: Post #1005502 already in DB (Post #8829).
[2026-09-11 14:18:23] Processing Realbooru #1005497...
[2026-09-11 14:18:23]   Skipped: Post #1005497 already in DB (Post #8830).
[2026-09-11 14:18:23] Processing Realbooru #1005496...
[2026-09-11 14:18:23]   Skipped: Post #1005496 already in DB (Post #8831).
[2026-09-11 14:18:23] Processing Realbooru #1005495...
[2026-09-11 14:18:23]   Skipped: Post #1005495 already in DB (Post #8832).
[2026-09-11 14:18:23] Processing Realbooru #1005492...
[2026-09-11 14:18:23]   Skipped: Post #1005492 already in DB (Post #8833).
[2026-09-11 14:18:23] Processing Realbooru #1005491...
[2026-09-11 14:18:23]   Skipped: Post #1005491 already in DB (Post #8834).
[2026-09-11 14:18:23] Processing Realbooru #1005490...
[2026-09-11 14:18:23]   Skipped: Post #1005490 already in DB (Post #8835).
[2026-09-11 14:18:23] Processing Realbooru #1005488...
[2026-09-11 14:18:23]   Skipped: Post #1005488 already in DB (Post #8836).
[2026-09-11 14:18:23] Processing Realbooru #1005486...
[2026-09-11 14:18:23]   Skipped: Post #1005486 already in DB (Post #8837).
[2026-09-11 14:18:23] Processing Realbooru #1005414...
[2026-09-11 14:18:23]   Skipped: Post #1005414 already in DB (Post #8838).
[2026-09-11 14:18:23] Processing Realbooru #1005325...
[2026-09-11 14:18:23]   Skipped: Post #1005325 already in DB (Post #8839).
[2026-09-11 14:18:23] Processing Realbooru #1005319...
[2026-09-11 14:18:23]   Skipped: Post #1005319 already in DB (Post #8840).
[2026-09-11 14:18:23] Processing Realbooru #1005301...
[2026-09-11 14:18:23]   Skipped: Post #1005301 already in DB (Post #8841).
[2026-09-11 14:18:23] Processing Realbooru #1005072...
[2026-09-11 14:18:23]   Skipped: Post #1005072 already in DB (Post #8842).
[2026-09-11 14:18:23] Processing Realbooru #1005019...
[2026-09-11 14:18:23]   Skipped: Post #1005019 already in DB (Post #8843).
[2026-09-11 14:18:23] Processing Realbooru #1005009...
[2026-09-11 14:18:23]   Skipped: Post #1005009 already in DB (Post #8844).
[2026-09-11 14:18:23] Processing Realbooru #1005005...
[2026-09-11 14:18:23]   Skipped: Post #1005005 already in DB (Post #8845).
[2026-09-11 14:18:23] Processing Realbooru #1004980...
[2026-09-11 14:18:23]   Skipped: Post #1004980 already in DB (Post #8846).
[2026-09-11 14:18:23] Processing Realbooru #1004945...
[2026-09-11 14:18:23]   Skipped: Post #1004945 already in DB (Post #8847).
[2026-09-11 14:18:23] Processing Realbooru #1004879...
[2026-09-11 14:18:23]   Skipped: Post #1004879 already in DB (Post #8848).
[2026-09-11 14:18:23] Processing Realbooru #1004636...
[2026-09-11 14:18:23]   Skipped: Post #1004636 already in DB (Post #8849).
[2026-09-11 14:18:23] Processing Realbooru #1004629...
[2026-09-11 14:18:23]   Skipped: Post #1004629 already in DB (Post #8850).
[2026-09-11 14:18:23] Processing Realbooru #1004589...
[2026-09-11 14:18:23]   Skipped: Post #1004589 already in DB (Post #8851).
[2026-09-11 14:18:23] Processing Realbooru #1004588...
[2026-09-11 14:18:23]   Skipped: Post #1004588 already in DB (Post #8852).
[2026-09-11 14:18:23] Processing Realbooru #1004374...
[2026-09-11 14:18:23]   Skipped: Post #1004374 already in DB (Post #8853).
[2026-09-11 14:18:23] Processing Realbooru #1004286...
[2026-09-11 14:18:23]   Skipped: Post #1004286 already in DB (Post #8854).
[2026-09-11 14:18:23] Processing Realbooru #1004284...
[2026-09-11 14:21:12]   Error: File too large (max 100 MB).
[2026-09-11 14:21:12] Processing Realbooru #1004236...
[2026-09-11 14:21:12]   Skipped: Post #1004236 already in DB (Post #8855).
[2026-09-11 14:21:12] Processing Realbooru #1004140...
[2026-09-11 14:25:02]   Error: File too large (max 100 MB).
[2026-09-11 14:25:02] Processing Realbooru #1004106...
[2026-09-11 14:25:02]   Skipped: Post #1004106 already in DB (Post #8856).
[2026-09-11 14:25:02] Processing Realbooru #1004105...
[2026-09-11 14:25:02]   Skipped: Post #1004105 already in DB (Post #8857).
[2026-09-11 14:25:02] Processing Realbooru #1004104...
[2026-09-11 14:25:02]   Skipped: Post #1004104 already in DB (Post #8858).
[2026-09-11 14:25:02] Processing Realbooru #1004045...
[2026-09-11 14:25:02]   Skipped: Post #1004045 already in DB (Post #8859).
[2026-09-11 14:25:02] Processing Realbooru #1004042...
[2026-09-11 14:25:02]   Skipped: Post #1004042 already in DB (Post #8860).
[2026-09-11 14:25:02] Processing Realbooru #1004039...
[2026-09-11 14:25:02]   Skipped: Post #1004039 already in DB (Post #8861).
[2026-09-11 14:25:02] Processing Realbooru #1004038...
[2026-09-11 14:25:02]   Skipped: Post #1004038 already in DB (Post #8862).
[2026-09-11 14:25:02] Processing Realbooru #1004037...
[2026-09-11 14:25:02]   Skipped: Post #1004037 already in DB (Post #8863).
[2026-09-11 14:25:02] Processing Realbooru #1004036...
[2026-09-11 14:25:02]   Skipped: Post #1004036 already in DB (Post #8864).
[2026-09-11 14:25:02] Fetching page list (pid=84)...
[2026-09-11 14:25:03] Processing Realbooru #1004011...
[2026-09-11 14:25:03]   Skipped: Post #1004011 already in DB (Post #8865).
[2026-09-11 14:25:03] Processing Realbooru #1004009...
[2026-09-11 14:25:03]   Skipped: Post #1004009 already in DB (Post #8866).
[2026-09-11 14:25:03] Processing Realbooru #1003963...
[2026-09-11 14:25:03]   Skipped: Post #1003963 already in DB (Post #8867).
[2026-09-11 14:25:03] Processing Realbooru #1003924...
[2026-09-11 14:25:03]   Skipped: Post #1003924 already in DB (Post #8868).
[2026-09-11 14:25:03] Processing Realbooru #1003919...
[2026-09-11 14:25:03]   Skipped: Post #1003919 already in DB (Post #8869).
[2026-09-11 14:25:03] Processing Realbooru #1003640...
[2026-09-11 14:25:03]   Skipped: Post #1003640 already in DB (Post #8870).
[2026-09-11 14:25:03] Processing Realbooru #1003625...
[2026-09-11 14:25:03]   Skipped: Post #1003625 already in DB (Post #8871).
[2026-09-11 14:25:03] Processing Realbooru #1003624...
[2026-09-11 14:25:03]   Skipped: Post #1003624 already in DB (Post #8872).
[2026-09-11 14:25:03] Processing Realbooru #1003623...
[2026-09-11 14:25:03]   Skipped: Post #1003623 already in DB (Post #8873).
[2026-09-11 14:25:03] Processing Realbooru #1003622...
[2026-09-11 14:25:03]   Skipped: Post #1003622 already in DB (Post #8874).
[2026-09-11 14:25:03] Processing Realbooru #1003621...
[2026-09-11 14:25:03]   Skipped: Post #1003621 already in DB (Post #8875).
[2026-09-11 14:25:03] Processing Realbooru #1003618...
[2026-09-11 14:25:03]   Skipped: Post #1003618 already in DB (Post #8876).
[2026-09-11 14:25:03] Processing Realbooru #1003617...
[2026-09-11 14:25:03]   Skipped: Post #1003617 already in DB (Post #8877).
[2026-09-11 14:25:03] Processing Realbooru #1003616...
[2026-09-11 14:25:03]   Skipped: Post #1003616 already in DB (Post #8878).
[2026-09-11 14:25:03] Processing Realbooru #1003615...
[2026-09-11 14:25:03]   Skipped: Post #1003615 already in DB (Post #8879).
[2026-09-11 14:25:03] Processing Realbooru #1003614...
[2026-09-11 14:25:03]   Skipped: Post #1003614 already in DB (Post #8880).
[2026-09-11 14:25:03] Processing Realbooru #1003613...
[2026-09-11 14:25:03]   Skipped: Post #1003613 already in DB (Post #8881).
[2026-09-11 14:25:03] Processing Realbooru #1003610...
[2026-09-11 14:25:03]   Skipped: Post #1003610 already in DB (Post #8882).
[2026-09-11 14:25:03] Processing Realbooru #1003547...
[2026-09-11 14:25:03]   Skipped: Post #1003547 already in DB (Post #8883).
[2026-09-11 14:25:03] Processing Realbooru #1003544...
[2026-09-11 14:25:03]   Skipped: Post #1003544 already in DB (Post #8884).
[2026-09-11 14:25:03] Processing Realbooru #1003543...
[2026-09-11 14:25:03]   Skipped: Post #1003543 already in DB (Post #8885).
[2026-09-11 14:25:03] Processing Realbooru #1003539...
[2026-09-11 14:25:03]   Skipped: Post #1003539 already in DB (Post #8886).
[2026-09-11 14:25:03] Processing Realbooru #1003536...
[2026-09-11 14:25:03]   Skipped: Post #1003536 already in DB (Post #8887).
[2026-09-11 14:25:03] Processing Realbooru #1003535...
[2026-09-11 14:25:03]   Skipped: Post #1003535 already in DB (Post #8888).
[2026-09-11 14:25:03] Processing Realbooru #1003479...
[2026-09-11 14:25:03]   Skipped: Post #1003479 already in DB (Post #8889).
[2026-09-11 14:25:03] Processing Realbooru #1003478...
[2026-09-11 14:25:03]   Skipped: Post #1003478 already in DB (Post #8890).
[2026-09-11 14:25:03] Processing Realbooru #1003446...
[2026-09-11 14:25:03]   Skipped: Post #1003446 already in DB (Post #8891).
[2026-09-11 14:25:03] Processing Realbooru #1003385...
[2026-09-11 14:25:03]   Skipped: Post #1003385 already in DB (Post #8892).
[2026-09-11 14:25:03] Processing Realbooru #1003378...
[2026-09-11 14:25:03]   Skipped: Post #1003378 already in DB (Post #8893).
[2026-09-11 14:25:03] Processing Realbooru #1003377...
[2026-09-11 14:25:03]   Skipped: Post #1003377 already in DB (Post #8894).
[2026-09-11 14:25:03] Processing Realbooru #1003376...
[2026-09-11 14:25:03]   Skipped: Post #1003376 already in DB (Post #8895).
[2026-09-11 14:25:03] Processing Realbooru #1003355...
[2026-09-11 14:25:03]   Skipped: Post #1003355 already in DB (Post #8896).
[2026-09-11 14:25:03] Processing Realbooru #1003354...
[2026-09-11 14:25:03]   Skipped: Post #1003354 already in DB (Post #8897).
[2026-09-11 14:25:03] Processing Realbooru #1003353...
[2026-09-11 14:25:03]   Skipped: Post #1003353 already in DB (Post #8898).
[2026-09-11 14:25:03] Processing Realbooru #1003342...
[2026-09-11 14:25:03]   Skipped: Post #1003342 already in DB (Post #8899).
[2026-09-11 14:25:03] Processing Realbooru #1003286...
[2026-09-11 14:25:03]   Skipped: Post #1003286 already in DB (Post #8900).
[2026-09-11 14:25:03] Processing Realbooru #1003269...
[2026-09-11 14:25:03]   Skipped: Post #1003269 already in DB (Post #8901).
[2026-09-11 14:25:03] Processing Realbooru #1003262...
[2026-09-11 14:25:03]   Skipped: Post #1003262 already in DB (Post #8902).
[2026-09-11 14:25:03] Processing Realbooru #1003261...
[2026-09-11 14:25:03]   Skipped: Post #1003261 already in DB (Post #8903).
[2026-09-11 14:25:03] Processing Realbooru #1003260...
[2026-09-11 14:25:03]   Skipped: Post #1003260 already in DB (Post #8904).
[2026-09-11 14:25:03] Processing Realbooru #1003253...
[2026-09-11 14:25:03]   Skipped: Post #1003253 already in DB (Post #8905).
[2026-09-11 14:25:03] Processing Realbooru #1003249...
[2026-09-11 14:25:03]   Skipped: Post #1003249 already in DB (Post #8906).
[2026-09-11 14:25:03] Fetching page list (pid=126)...
[2026-09-11 14:25:04] Processing Realbooru #1003248...
[2026-09-11 14:25:04]   Skipped: Post #1003248 already in DB (Post #8907).
[2026-09-11 14:25:04] Processing Realbooru #1003241...
[2026-09-11 14:25:04]   Skipped: Post #1003241 already in DB (Post #8908).
[2026-09-11 14:25:04] Processing Realbooru #1003229...
[2026-09-11 14:25:04]   Skipped: Post #1003229 already in DB (Post #8909).
[2026-09-11 14:25:04] Processing Realbooru #1003228...
[2026-09-11 14:25:04]   Skipped: Post #1003228 already in DB (Post #8910).
[2026-09-11 14:25:04] Processing Realbooru #1003227...
[2026-09-11 14:25:04]   Skipped: Post #1003227 already in DB (Post #8911).
[2026-09-11 14:25:04] Processing Realbooru #1003225...
[2026-09-11 14:25:04]   Skipped: Post #1003225 already in DB (Post #8912).
[2026-09-11 14:25:04] Processing Realbooru #1003181...
[2026-09-11 14:25:04]   Skipped: Post #1003181 already in DB (Post #8913).
[2026-09-11 14:25:04] Processing Realbooru #1003178...
[2026-09-11 14:25:04]   Skipped: Post #1003178 already in DB (Post #8914).
[2026-09-11 14:25:04] Processing Realbooru #1003176...
[2026-09-11 14:25:04]   Skipped: Post #1003176 already in DB (Post #8915).
[2026-09-11 14:25:04] Processing Realbooru #1003175...
[2026-09-11 14:25:04]   Skipped: Post #1003175 already in DB (Post #8916).
[2026-09-11 14:25:04] Processing Realbooru #1003174...
[2026-09-11 14:25:04]   Skipped: Post #1003174 already in DB (Post #8917).
[2026-09-11 14:25:04] Processing Realbooru #1003172...
[2026-09-11 14:25:04]   Skipped: Post #1003172 already in DB (Post #8918).
[2026-09-11 14:25:04] Processing Realbooru #1003163...
[2026-09-11 14:25:04]   Skipped: Post #1003163 already in DB (Post #8919).
[2026-09-11 14:25:04] Processing Realbooru #1003161...
[2026-09-11 14:25:04]   Skipped: Post #1003161 already in DB (Post #8920).
[2026-09-11 14:25:04] Processing Realbooru #1003160...
[2026-09-11 14:25:04]   Skipped: Post #1003160 already in DB (Post #8921).
[2026-09-11 14:25:04] Processing Realbooru #1003092...
[2026-09-11 14:25:04]   Skipped: Post #1003092 already in DB (Post #8922).
[2026-09-11 14:25:04] Processing Realbooru #1003082...
[2026-09-11 14:25:04]   Skipped: Post #1003082 already in DB (Post #8923).
[2026-09-11 14:25:04] Processing Realbooru #1003081...
[2026-09-11 14:25:04]   Skipped: Post #1003081 already in DB (Post #8924).
[2026-09-11 14:25:04] Processing Realbooru #1003010...
[2026-09-11 14:25:04]   Skipped: Post #1003010 already in DB (Post #8925).
[2026-09-11 14:25:04] Processing Realbooru #1003009...
[2026-09-11 14:25:04]   Skipped: Post #1003009 already in DB (Post #8926).
[2026-09-11 14:25:04] Processing Realbooru #1003007...
[2026-09-11 14:25:04]   Skipped: Post #1003007 already in DB (Post #8927).
[2026-09-11 14:25:04] Processing Realbooru #1003006...
[2026-09-11 14:25:04]   Skipped: Post #1003006 already in DB (Post #8928).
[2026-09-11 14:25:04] Processing Realbooru #1002919...
[2026-09-11 14:25:04]   Skipped: Post #1002919 already in DB (Post #8929).
[2026-09-11 14:25:04] Processing Realbooru #1002917...
[2026-09-11 14:25:04]   Skipped: Post #1002917 already in DB (Post #8930).
[2026-09-11 14:25:04] Processing Realbooru #1002915...
[2026-09-11 14:25:04]   Skipped: Post #1002915 already in DB (Post #8931).
[2026-09-11 14:25:04] Processing Realbooru #1002839...
[2026-09-11 14:25:04]   Skipped: Post #1002839 already in DB (Post #8932).
[2026-09-11 14:25:04] Processing Realbooru #1002837...
[2026-09-11 14:25:04]   Skipped: Post #1002837 already in DB (Post #8933).
[2026-09-11 14:25:04] Processing Realbooru #1002810...
[2026-09-11 14:25:04]   Skipped: Post #1002810 already in DB (Post #8934).
[2026-09-11 14:25:04] Processing Realbooru #1002809...
[2026-09-11 14:25:04]   Skipped: Post #1002809 already in DB (Post #8935).
[2026-09-11 14:25:04] Processing Realbooru #1002808...
[2026-09-11 14:25:04]   Skipped: Post #1002808 already in DB (Post #8936).
[2026-09-11 14:25:04] Processing Realbooru #1002807...
[2026-09-11 14:25:04]   Skipped: Post #1002807 already in DB (Post #8937).
[2026-09-11 14:25:04] Processing Realbooru #1002806...
[2026-09-11 14:25:04]   Skipped: Post #1002806 already in DB (Post #8938).
[2026-09-11 14:25:04] Processing Realbooru #1002804...
[2026-09-11 14:25:04]   Skipped: Post #1002804 already in DB (Post #8939).
[2026-09-11 14:25:04] Processing Realbooru #1002803...
[2026-09-11 14:25:04]   Skipped: Post #1002803 already in DB (Post #8940).
[2026-09-11 14:25:04] Processing Realbooru #1002784...
[2026-09-11 14:25:04]   Skipped: Post #1002784 already in DB (Post #8941).
[2026-09-11 14:25:04] Processing Realbooru #1002763...
[2026-09-11 14:25:04]   Skipped: Post #1002763 already in DB (Post #8942).
[2026-09-11 14:25:04] Processing Realbooru #1002761...
[2026-09-11 14:25:04]   Skipped: Post #1002761 already in DB (Post #8943).
[2026-09-11 14:25:04] Processing Realbooru #1002735...
[2026-09-11 14:25:04]   Skipped: Post #1002735 already in DB (Post #8944).
[2026-09-11 14:25:04] Processing Realbooru #1002734...
[2026-09-11 14:25:04]   Skipped: Post #1002734 already in DB (Post #8945).
[2026-09-11 14:25:04] Processing Realbooru #1002706...
[2026-09-11 14:25:04]   Skipped: Post #1002706 already in DB (Post #8946).
[2026-09-11 14:25:04] Processing Realbooru #1002705...
[2026-09-11 14:25:04]   Skipped: Post #1002705 already in DB (Post #8947).
[2026-09-11 14:25:04] Processing Realbooru #1002704...
[2026-09-11 14:25:04]   Skipped: Post #1002704 already in DB (Post #8948).
[2026-09-11 14:25:04] Fetching page list (pid=168)...
[2026-09-11 14:25:05] Processing Realbooru #1002703...
[2026-09-11 14:25:05]   Skipped: Post #1002703 already in DB (Post #8949).
[2026-09-11 14:25:05] Processing Realbooru #1002696...
[2026-09-11 14:25:05]   Skipped: Post #1002696 already in DB (Post #8950).
[2026-09-11 14:25:05] Processing Realbooru #1002671...
[2026-09-11 14:25:05]   Skipped: Post #1002671 already in DB (Post #8951).
[2026-09-11 14:25:05] Processing Realbooru #1002664...
[2026-09-11 14:25:05]   Skipped: Post #1002664 already in DB (Post #8952).
[2026-09-11 14:25:05] Processing Realbooru #1002645...
[2026-09-11 14:25:05]   Skipped: Post #1002645 already in DB (Post #8953).
[2026-09-11 14:25:05] Processing Realbooru #1002640...
[2026-09-11 14:25:05]   Skipped: Post #1002640 already in DB (Post #8954).
[2026-09-11 14:25:05] Processing Realbooru #1002585...
[2026-09-11 14:25:05]   Skipped: Post #1002585 already in DB (Post #8955).
[2026-09-11 14:25:05] Processing Realbooru #1002580...
[2026-09-11 14:29:14]   Error: File too large (max 100 MB).
[2026-09-11 14:29:14] Processing Realbooru #1002453...
[2026-09-11 14:29:14]   Skipped: Post #1002453 already in DB (Post #8956).
[2026-09-11 14:29:14] Processing Realbooru #1002365...
[2026-09-11 14:29:14]   Skipped: Post #1002365 already in DB (Post #8957).
[2026-09-11 14:29:14] Processing Realbooru #1002364...
[2026-09-11 14:29:14]   Skipped: Post #1002364 already in DB (Post #8958).
[2026-09-11 14:29:14] Processing Realbooru #1002304...
[2026-09-11 14:29:14]   Skipped: Post #1002304 already in DB (Post #8959).
[2026-09-11 14:29:14] Processing Realbooru #1002303...
[2026-09-11 14:29:14]   Skipped: Post #1002303 already in DB (Post #8960).
[2026-09-11 14:29:14] Processing Realbooru #1002302...
[2026-09-11 14:29:14]   Skipped: Post #1002302 already in DB (Post #8961).
[2026-09-11 14:29:14] Processing Realbooru #1002301...
[2026-09-11 14:29:14]   Skipped: Post #1002301 already in DB (Post #8962).
[2026-09-11 14:29:14] Processing Realbooru #1002297...
[2026-09-11 14:29:14]   Skipped: Post #1002297 already in DB (Post #8963).
[2026-09-11 14:29:14] Processing Realbooru #1002295...
[2026-09-11 14:29:14]   Skipped: Post #1002295 already in DB (Post #8964).
[2026-09-11 14:29:14] Processing Realbooru #1002294...
[2026-09-11 14:29:14]   Skipped: Post #1002294 already in DB (Post #8965).
[2026-09-11 14:29:14] Processing Realbooru #1002293...
[2026-09-11 14:29:14]   Skipped: Post #1002293 already in DB (Post #8966).
[2026-09-11 14:29:14] Processing Realbooru #1002292...
[2026-09-11 14:29:14]   Skipped: Post #1002292 already in DB (Post #8967).
[2026-09-11 14:29:14] Processing Realbooru #1002289...
[2026-09-11 14:29:14]   Skipped: Post #1002289 already in DB (Post #8968).
[2026-09-11 14:29:14] Processing Realbooru #1002283...
[2026-09-11 14:29:14]   Skipped: Post #1002283 already in DB (Post #8969).
[2026-09-11 14:29:14] Processing Realbooru #1002282...
[2026-09-11 14:29:14]   Skipped: Post #1002282 already in DB (Post #8970).
[2026-09-11 14:29:14] Processing Realbooru #1002244...
[2026-09-11 14:29:14]   Skipped: Post #1002244 already in DB (Post #8971).
[2026-09-11 14:29:14] Processing Realbooru #1002237...
[2026-09-11 14:29:14]   Skipped: Post #1002237 already in DB (Post #8972).
[2026-09-11 14:29:14] Processing Realbooru #1002107...
[2026-09-11 14:29:14]   Skipped: Post #1002107 already in DB (Post #8973).
[2026-09-11 14:29:14] Processing Realbooru #1002105...
[2026-09-11 14:29:14]   Skipped: Post #1002105 already in DB (Post #8974).
[2026-09-11 14:29:14] Processing Realbooru #1002104...
[2026-09-11 14:29:14]   Skipped: Post #1002104 already in DB (Post #8975).
[2026-09-11 14:29:14] Processing Realbooru #1002103...
[2026-09-11 14:29:14]   Skipped: Post #1002103 already in DB (Post #8976).
[2026-09-11 14:29:14] Processing Realbooru #1002039...
[2026-09-11 14:29:14]   Skipped: Post #1002039 already in DB (Post #8977).
[2026-09-11 14:29:14] Processing Realbooru #1002037...
[2026-09-11 14:29:14]   Skipped: Post #1002037 already in DB (Post #8978).
[2026-09-11 14:29:14] Processing Realbooru #1002013...
[2026-09-11 14:29:14]   Skipped: Post #1002013 already in DB (Post #8979).
[2026-09-11 14:29:14] Processing Realbooru #1002003...
[2026-09-11 14:29:14]   Skipped: Post #1002003 already in DB (Post #8980).
[2026-09-11 14:29:14] Processing Realbooru #1002002...
[2026-09-11 14:29:14]   Skipped: Post #1002002 already in DB (Post #8981).
[2026-09-11 14:29:14] Processing Realbooru #1002000...
[2026-09-11 14:29:14]   Skipped: Post #1002000 already in DB (Post #8982).
[2026-09-11 14:29:14] Processing Realbooru #1001996...
[2026-09-11 14:29:14]   Skipped: Post #1001996 already in DB (Post #8983).
[2026-09-11 14:29:14] Processing Realbooru #1001978...
[2026-09-11 14:29:14]   Skipped: Post #1001978 already in DB (Post #8984).
[2026-09-11 14:29:14] Processing Realbooru #1001960...
[2026-09-11 14:29:14]   Skipped: Post #1001960 already in DB (Post #8985).
[2026-09-11 14:29:14] Processing Realbooru #1001938...
[2026-09-11 14:32:27]   Error: File too large (max 100 MB).
[2026-09-11 14:32:27] Processing Realbooru #1001890...
[2026-09-11 14:32:27]   Skipped: Post #1001890 already in DB (Post #8986).
[2026-09-11 14:32:27] Processing Realbooru #1001774...
[2026-09-11 14:32:27]   Skipped: Post #1001774 already in DB (Post #8987).
[2026-09-11 14:32:27] Processing Realbooru #1001728...
[2026-09-11 14:32:27]   Skipped: Post #1001728 already in DB (Post #8988).
[2026-09-11 14:32:27] Fetching page list (pid=210)...
[2026-09-11 14:32:28] Processing Realbooru #1001694...
[2026-09-11 14:32:28]   Skipped: Post #1001694 already in DB (Post #8989).
[2026-09-11 14:32:28] Processing Realbooru #1001690...
[2026-09-11 14:32:28]   Skipped: Post #1001690 already in DB (Post #8990).
[2026-09-11 14:32:28] Processing Realbooru #1001687...
[2026-09-11 14:32:28]   Skipped: Post #1001687 already in DB (Post #8991).
[2026-09-11 14:32:28] Processing Realbooru #1001686...
[2026-09-11 14:32:28]   Skipped: Post #1001686 already in DB (Post #8992).
[2026-09-11 14:32:28] Processing Realbooru #1001589...
[2026-09-11 14:32:28]   Skipped: Post #1001589 already in DB (Post #8993).
[2026-09-11 14:32:28] Processing Realbooru #1001442...
[2026-09-11 14:32:28]   Skipped: Post #1001442 already in DB (Post #8994).
[2026-09-11 14:32:28] Processing Realbooru #1001441...
[2026-09-11 14:32:28]   Skipped: Post #1001441 already in DB (Post #8995).
[2026-09-11 14:32:28] Processing Realbooru #1001435...
[2026-09-11 14:32:28]   Skipped: Post #1001435 already in DB (Post #8996).
[2026-09-11 14:32:28] Processing Realbooru #1001328...
[2026-09-11 14:32:28]   Skipped: Post #1001328 already in DB (Post #8997).
[2026-09-11 14:32:28] Processing Realbooru #1001302...
[2026-09-11 14:32:28]   Skipped: Post #1001302 already in DB (Post #8998).
[2026-09-11 14:32:28] Processing Realbooru #1001301...
[2026-09-11 14:32:28]   Skipped: Post #1001301 already in DB (Post #8999).
[2026-09-11 14:32:28] Processing Realbooru #1001299...
[2026-09-11 14:32:28]   Skipped: Post #1001299 already in DB (Post #9000).
[2026-09-11 14:32:28] Processing Realbooru #1001186...
[2026-09-11 14:32:28]   Skipped: Post #1001186 already in DB (Post #9001).
[2026-09-11 14:32:28] Processing Realbooru #1001165...
[2026-09-11 14:32:28]   Skipped: Post #1001165 already in DB (Post #9002).
[2026-09-11 14:32:28] Processing Realbooru #1001164...
[2026-09-11 14:32:28]   Skipped: Post #1001164 already in DB (Post #9003).
[2026-09-11 14:32:28] Processing Realbooru #1001108...
[2026-09-11 14:32:28]   Skipped: Post #1001108 already in DB (Post #9004).
[2026-09-11 14:32:28] Processing Realbooru #1001095...
[2026-09-11 14:32:28]   Skipped: Post #1001095 already in DB (Post #9005).
[2026-09-11 14:32:28] Processing Realbooru #1001089...
[2026-09-11 14:32:28]   Skipped: Post #1001089 already in DB (Post #9006).
[2026-09-11 14:32:28] Processing Realbooru #1001088...
[2026-09-11 14:32:28]   Skipped: Post #1001088 already in DB (Post #9007).
[2026-09-11 14:32:28] Processing Realbooru #1001032...
[2026-09-11 14:32:28]   Skipped: Post #1001032 already in DB (Post #9008).
[2026-09-11 14:32:28] Processing Realbooru #1000977...
[2026-09-11 14:32:28]   Skipped: Post #1000977 already in DB (Post #9009).
[2026-09-11 14:32:28] Processing Realbooru #1000963...
[2026-09-11 14:32:28]   Skipped: Post #1000963 already in DB (Post #9010).
[2026-09-11 14:32:28] Processing Realbooru #1000961...
[2026-09-11 14:32:28]   Skipped: Post #1000961 already in DB (Post #9011).
[2026-09-11 14:32:28] Processing Realbooru #1000857...
[2026-09-11 14:32:28]   Skipped: Post #1000857 already in DB (Post #9012).
[2026-09-11 14:32:28] Processing Realbooru #1000856...
[2026-09-11 14:32:28]   Skipped: Post #1000856 already in DB (Post #9013).
[2026-09-11 14:32:28] Processing Realbooru #1000817...
[2026-09-11 14:32:28]   Skipped: Post #1000817 already in DB (Post #9014).
[2026-09-11 14:32:28] Processing Realbooru #1000642...
[2026-09-11 14:32:28]   Skipped: Post #1000642 already in DB (Post #9015).
[2026-09-11 14:32:28] Processing Realbooru #1000641...
[2026-09-11 14:32:28]   Skipped: Post #1000641 already in DB (Post #9016).
[2026-09-11 14:32:28] Processing Realbooru #1000633...
[2026-09-11 14:32:28]   Skipped: Post #1000633 already in DB (Post #9017).
[2026-09-11 14:32:28] Processing Realbooru #1000606...
[2026-09-11 14:32:28]   Skipped: Post #1000606 already in DB (Post #9018).
[2026-09-11 14:32:28] Processing Realbooru #1000453...
[2026-09-11 14:36:19]   Error: File too large (max 100 MB).
[2026-09-11 14:36:19] Processing Realbooru #1000439...
[2026-09-11 14:36:19]   Skipped: Post #1000439 already in DB (Post #9019).
[2026-09-11 14:36:19] Processing Realbooru #1000307...
[2026-09-11 14:36:19]   Skipped: Post #1000307 already in DB (Post #9020).
[2026-09-11 14:36:19] Processing Realbooru #1000203...
[2026-09-11 14:36:19]   Skipped: Post #1000203 already in DB (Post #9021).
[2026-09-11 14:36:19] Processing Realbooru #1000189...
[2026-09-11 14:36:19]   Skipped: Post #1000189 already in DB (Post #9022).
[2026-09-11 14:36:19] Processing Realbooru #1000170...
[2026-09-11 14:36:19]   Skipped: Post #1000170 already in DB (Post #9023).
[2026-09-11 14:36:19] Processing Realbooru #1000098...
[2026-09-11 14:36:19]   Skipped: Post #1000098 already in DB (Post #9024).
[2026-09-11 14:36:19] Processing Realbooru #1000086...
[2026-09-11 14:36:19]   Skipped: Post #1000086 already in DB (Post #9025).
[2026-09-11 14:36:19] Processing Realbooru #1000085...
[2026-09-11 14:36:19]   Skipped: Post #1000085 already in DB (Post #9026).
[2026-09-11 14:36:19] Processing Realbooru #1000042...
[2026-09-11 14:36:19]   Skipped: Post #1000042 already in DB (Post #9027).
[2026-09-11 14:36:19] Processing Realbooru #1000019...
[2026-09-11 14:36:19]   Skipped: Post #1000019 already in DB (Post #9028).
[2026-09-11 14:36:19] Processing Realbooru #1000016...
[2026-09-11 14:36:19]   Skipped: Post #1000016 already in DB (Post #9029).
[2026-09-11 14:36:19] Fetching page list (pid=252)...
[2026-09-11 14:36:21] Processing Realbooru #999999...
[2026-09-11 14:36:21]   Skipped: Post #999999 already in DB (Post #9030).
[2026-09-11 14:36:21] Processing Realbooru #999975...
[2026-09-11 14:36:21]   Skipped: Post #999975 already in DB (Post #9031).
[2026-09-11 14:36:21] Processing Realbooru #999875...
[2026-09-11 14:36:21]   Skipped: Post #999875 already in DB (Post #9032).
[2026-09-11 14:36:21] Processing Realbooru #999855...
[2026-09-11 14:36:21]   Skipped: Post #999855 already in DB (Post #9033).
[2026-09-11 14:36:21] Processing Realbooru #999747...
[2026-09-11 14:36:21]   Skipped: Post #999747 already in DB (Post #9034).
[2026-09-11 14:36:21] Processing Realbooru #999731...
[2026-09-11 14:36:21]   Skipped: Post #999731 already in DB (Post #9035).
[2026-09-11 14:36:21] Processing Realbooru #999730...
[2026-09-11 14:36:21]   Skipped: Post #999730 already in DB (Post #9036).
[2026-09-11 14:36:21] Processing Realbooru #999729...
[2026-09-11 14:36:21]   Skipped: Post #999729 already in DB (Post #9037).
[2026-09-11 14:36:21] Processing Realbooru #999646...
[2026-09-11 14:36:21]   Skipped: Post #999646 already in DB (Post #9038).
[2026-09-11 14:36:21] Processing Realbooru #999645...
[2026-09-11 14:36:21]   Skipped: Post #999645 already in DB (Post #9039).
[2026-09-11 14:36:21] Processing Realbooru #999643...
[2026-09-11 14:36:21]   Skipped: Post #999643 already in DB (Post #9040).
[2026-09-11 14:36:21] Processing Realbooru #999637...
[2026-09-11 14:36:21]   Skipped: Post #999637 already in DB (Post #9041).
[2026-09-11 14:36:21] Processing Realbooru #999636...
[2026-09-11 14:36:21]   Skipped: Post #999636 already in DB (Post #9042).
[2026-09-11 14:36:21] Processing Realbooru #999390...
[2026-09-11 14:36:21]   Skipped: Post #999390 already in DB (Post #9043).
[2026-09-11 14:36:21] Processing Realbooru #999265...
[2026-09-11 14:40:01]   Error: File too large (max 100 MB).
[2026-09-11 14:40:01] Processing Realbooru #999263...
[2026-09-11 14:40:01]   Skipped: Post #999263 already in DB (Post #9044).
[2026-09-11 14:40:01] Processing Realbooru #999262...
[2026-09-11 14:40:01]   Skipped: Post #999262 already in DB (Post #9045).
[2026-09-11 14:40:01] Processing Realbooru #999261...
[2026-09-11 14:40:01]   Skipped: Post #999261 already in DB (Post #9046).
[2026-09-11 14:40:01] Processing Realbooru #999260...
[2026-09-11 14:40:01]   Skipped: Post #999260 already in DB (Post #9047).
[2026-09-11 14:40:01] Processing Realbooru #999259...
[2026-09-11 14:40:01]   Skipped: Post #999259 already in DB (Post #9048).
[2026-09-11 14:40:01] Processing Realbooru #999257...
[2026-09-11 14:40:01]   Skipped: Post #999257 already in DB (Post #9049).
[2026-09-11 14:40:01] Processing Realbooru #999255...
[2026-09-11 14:40:01]   Skipped: Post #999255 already in DB (Post #9050).
[2026-09-11 14:40:01] Processing Realbooru #999254...
[2026-09-11 14:40:01]   Skipped: Post #999254 already in DB (Post #9051).
[2026-09-11 14:40:01] Processing Realbooru #999253...
[2026-09-11 14:40:01]   Skipped: Post #999253 already in DB (Post #9052).
[2026-09-11 14:40:01] Processing Realbooru #999193...
[2026-09-11 14:40:01]   Skipped: Post #999193 already in DB (Post #9053).
[2026-09-11 14:40:01] Processing Realbooru #999126...
[2026-09-11 14:40:01]   Skipped: Post #999126 already in DB (Post #9054).
[2026-09-11 14:40:01] Processing Realbooru #999125...
[2026-09-11 14:40:01]   Skipped: Post #999125 already in DB (Post #9055).
[2026-09-11 14:40:01] Processing Realbooru #999124...
[2026-09-11 14:40:01]   Skipped: Post #999124 already in DB (Post #9056).
[2026-09-11 14:40:01] Processing Realbooru #999123...
[2026-09-11 14:40:01]   Skipped: Post #999123 already in DB (Post #9057).
[2026-09-11 14:40:01] Processing Realbooru #999122...
[2026-09-11 14:40:01]   Skipped: Post #999122 already in DB (Post #9058).
[2026-09-11 14:40:01] Processing Realbooru #999121...
[2026-09-11 14:40:01]   Skipped: Post #999121 already in DB (Post #9059).
[2026-09-11 14:40:01] Processing Realbooru #999120...
[2026-09-11 14:40:01]   Skipped: Post #999120 already in DB (Post #9060).
[2026-09-11 14:40:01] Processing Realbooru #999119...
[2026-09-11 14:40:01]   Skipped: Post #999119 already in DB (Post #9061).
[2026-09-11 14:40:01] Processing Realbooru #999118...
[2026-09-11 14:40:01]   Skipped: Post #999118 already in DB (Post #9062).
[2026-09-11 14:40:01] Processing Realbooru #999117...
[2026-09-11 14:40:01]   Skipped: Post #999117 already in DB (Post #9063).
[2026-09-11 14:40:01] Processing Realbooru #999116...
[2026-09-11 14:40:01]   Skipped: Post #999116 already in DB (Post #9064).
[2026-09-11 14:40:01] Processing Realbooru #999113...
[2026-09-11 14:40:01]   Skipped: Post #999113 already in DB (Post #9065).
[2026-09-11 14:40:01] Processing Realbooru #999112...
[2026-09-11 14:40:01]   Skipped: Post #999112 already in DB (Post #9066).
[2026-09-11 14:40:01] Processing Realbooru #999110...
[2026-09-11 14:40:01]   Skipped: Post #999110 already in DB (Post #9067).
[2026-09-11 14:40:01] Processing Realbooru #999063...
[2026-09-11 14:40:01]   Skipped: Post #999063 already in DB (Post #9068).
[2026-09-11 14:40:01] Processing Realbooru #999052...
[2026-09-11 14:40:01]   Skipped: Post #999052 already in DB (Post #9069).
[2026-09-11 14:40:01] Processing Realbooru #999051...
[2026-09-11 14:40:01]   Skipped: Post #999051 already in DB (Post #9070).
[2026-09-11 14:40:01] Fetching page list (pid=294)...
[2026-09-11 14:40:02] Processing Realbooru #999046...
[2026-09-11 14:40:02]   Skipped: Post #999046 already in DB (Post #9071).
[2026-09-11 14:40:02] Processing Realbooru #998886...
[2026-09-11 14:40:02]   Skipped: Post #998886 already in DB (Post #9072).
[2026-09-11 14:40:02] Processing Realbooru #998885...
[2026-09-11 14:40:02]   Skipped: Post #998885 already in DB (Post #9073).
[2026-09-11 14:40:02] Processing Realbooru #998741...
[2026-09-11 14:40:02]   Skipped: Post #998741 already in DB (Post #9074).
[2026-09-11 14:40:02] Processing Realbooru #998712...
[2026-09-11 14:40:02]   Skipped: Post #998712 already in DB (Post #9075).
[2026-09-11 14:40:02] Processing Realbooru #998537...
[2026-09-11 14:40:02]   Skipped: Post #998537 already in DB (Post #9076).
[2026-09-11 14:40:02] Processing Realbooru #998523...
[2026-09-11 14:40:02]   Skipped: Post #998523 already in DB (Post #9077).
[2026-09-11 14:40:02] Processing Realbooru #998471...
[2026-09-11 14:40:02]   Skipped: Post #998471 already in DB (Post #9078).
[2026-09-11 14:40:02] Processing Realbooru #998438...
[2026-09-11 14:40:02]   Skipped: Post #998438 already in DB (Post #9079).
[2026-09-11 14:40:02] Processing Realbooru #998421...
[2026-09-11 14:40:02]   Skipped: Post #998421 already in DB (Post #9080).
[2026-09-11 14:40:02] Processing Realbooru #998420...
[2026-09-11 14:40:02]   Skipped: Post #998420 already in DB (Post #9081).
[2026-09-11 14:40:02] Processing Realbooru #997955...
[2026-09-11 14:40:02]   Skipped: Post #997955 already in DB (Post #9082).
[2026-09-11 14:40:02] Processing Realbooru #997953...
[2026-09-11 14:40:02]   Skipped: Post #997953 already in DB (Post #9083).
[2026-09-11 14:40:02] Processing Realbooru #997829...
[2026-09-11 14:40:02]   Skipped: Post #997829 already in DB (Post #9084).
[2026-09-11 14:40:02] Processing Realbooru #997828...
[2026-09-11 14:40:02]   Skipped: Post #997828 already in DB (Post #9085).
[2026-09-11 14:40:02] Processing Realbooru #997827...
[2026-09-11 14:40:02]   Skipped: Post #997827 already in DB (Post #9086).
[2026-09-11 14:40:02] Processing Realbooru #997826...
[2026-09-11 14:40:02]   Skipped: Post #997826 already in DB (Post #9087).
[2026-09-11 14:40:02] Processing Realbooru #997825...
[2026-09-11 14:40:02]   Skipped: Post #997825 already in DB (Post #9088).
[2026-09-11 14:40:02] Processing Realbooru #997824...
[2026-09-11 14:40:02]   Skipped: Post #997824 already in DB (Post #9089).
[2026-09-11 14:40:02] Processing Realbooru #997823...
[2026-09-11 14:40:02]   Skipped: Post #997823 already in DB (Post #9090).
[2026-09-11 14:40:02] Processing Realbooru #997822...
[2026-09-11 14:40:02]   Skipped: Post #997822 already in DB (Post #9091).
[2026-09-11 14:40:02] Processing Realbooru #997792...
[2026-09-11 14:40:02]   Skipped: Post #997792 already in DB (Post #9092).
[2026-09-11 14:40:02] Processing Realbooru #997728...
[2026-09-11 14:40:02]   Skipped: Post #997728 already in DB (Post #9093).
[2026-09-11 14:40:02] Processing Realbooru #997727...
[2026-09-11 14:40:02]   Skipped: Post #997727 already in DB (Post #9094).
[2026-09-11 14:40:02] Processing Realbooru #997664...
[2026-09-11 14:40:02]   Skipped: Post #997664 already in DB (Post #9095).
[2026-09-11 14:40:02] Processing Realbooru #997512...
[2026-09-11 14:40:02]   Skipped: Post #997512 already in DB (Post #9096).
[2026-09-11 14:40:02] Processing Realbooru #997511...
[2026-09-11 14:40:02]   Skipped: Post #997511 already in DB (Post #9097).
[2026-09-11 14:40:02] Processing Realbooru #997459...
[2026-09-11 14:40:02]   Skipped: Post #997459 already in DB (Post #9098).
[2026-09-11 14:40:02] Processing Realbooru #997352...
[2026-09-11 14:40:02]   Skipped: Post #997352 already in DB (Post #9099).
[2026-09-11 14:40:02] Processing Realbooru #997351...
[2026-09-11 14:40:02]   Skipped: Post #997351 already in DB (Post #9100).
[2026-09-11 14:40:02] Processing Realbooru #997007...
[2026-09-11 14:40:02]   Skipped: Post #997007 already in DB (Post #9101).
[2026-09-11 14:40:02] Processing Realbooru #996966...
[2026-09-11 14:40:02]   Skipped: Post #996966 already in DB (Post #9102).
[2026-09-11 14:40:02] Processing Realbooru #996903...
[2026-09-11 14:40:02]   Skipped: Post #996903 already in DB (Post #9103).
[2026-09-11 14:40:02] Processing Realbooru #996902...
[2026-09-11 14:40:02]   Skipped: Post #996902 already in DB (Post #9104).
[2026-09-11 14:40:02] Processing Realbooru #996770...
[2026-09-11 14:40:02]   Skipped: Post #996770 already in DB (Post #9105).
[2026-09-11 14:40:02] Processing Realbooru #996724...
[2026-09-11 14:40:02]   Skipped: Post #996724 already in DB (Post #9106).
[2026-09-11 14:40:02] Processing Realbooru #996713...
[2026-09-11 14:40:02]   Skipped: Post #996713 already in DB (Post #9107).
[2026-09-11 14:40:02] Processing Realbooru #996712...
[2026-09-11 14:40:02]   Skipped: Post #996712 already in DB (Post #9108).
[2026-09-11 14:40:02] Processing Realbooru #996695...
[2026-09-11 14:40:02]   Skipped: Post #996695 already in DB (Post #9109).
[2026-09-11 14:40:02] Processing Realbooru #996694...
[2026-09-11 14:40:02]   Skipped: Post #996694 already in DB (Post #9110).
[2026-09-11 14:40:02] Processing Realbooru #996670...
[2026-09-11 14:40:02]   Skipped: Post #996670 already in DB (Post #9111).
[2026-09-11 14:40:02] Processing Realbooru #996661...
[2026-09-11 14:40:02]   Skipped: Post #996661 already in DB (Post #9112).
[2026-09-11 14:40:02] Fetching page list (pid=336)...
[2026-09-11 14:40:03] Processing Realbooru #996660...
[2026-09-11 14:40:03]   Skipped: Post #996660 already in DB (Post #9113).
[2026-09-11 14:40:03] Processing Realbooru #996543...
[2026-09-11 14:40:03]   Skipped: Post #996543 already in DB (Post #9114).
[2026-09-11 14:40:03] Processing Realbooru #996542...
[2026-09-11 14:40:03]   Skipped: Post #996542 already in DB (Post #9115).
[2026-09-11 14:40:03] Processing Realbooru #996541...
[2026-09-11 14:40:03]   Skipped: Post #996541 already in DB (Post #9116).
[2026-09-11 14:40:03] Processing Realbooru #996540...
[2026-09-11 14:40:03]   Skipped: Post #996540 already in DB (Post #9117).
[2026-09-11 14:40:03] Processing Realbooru #996538...
[2026-09-11 14:40:03]   Skipped: Post #996538 already in DB (Post #9118).
[2026-09-11 14:40:03] Processing Realbooru #996537...
[2026-09-11 14:40:03]   Skipped: Post #996537 already in DB (Post #9119).
[2026-09-11 14:40:03] Processing Realbooru #996536...
[2026-09-11 14:40:03]   Skipped: Post #996536 already in DB (Post #9120).
[2026-09-11 14:40:03] Processing Realbooru #996535...
[2026-09-11 14:40:03]   Skipped: Post #996535 already in DB (Post #9121).
[2026-09-11 14:40:03] Processing Realbooru #996482...
[2026-09-11 14:40:03]   Skipped: Post #996482 already in DB (Post #9122).
[2026-09-11 14:40:03] Processing Realbooru #996481...
[2026-09-11 14:40:03]   Skipped: Post #996481 already in DB (Post #9123).
[2026-09-11 14:40:03] Processing Realbooru #996480...
[2026-09-11 14:40:03]   Skipped: Post #996480 already in DB (Post #9124).
[2026-09-11 14:40:03] Processing Realbooru #996479...
[2026-09-11 14:40:03]   Skipped: Post #996479 already in DB (Post #9125).
[2026-09-11 14:40:03] Processing Realbooru #996478...
[2026-09-11 14:40:03]   Skipped: Post #996478 already in DB (Post #9126).
[2026-09-11 14:40:03] Processing Realbooru #996477...
[2026-09-11 14:40:03]   Skipped: Post #996477 already in DB (Post #9127).
[2026-09-11 14:40:03] Processing Realbooru #996414...
[2026-09-11 14:40:03]   Skipped: Post #996414 already in DB (Post #9128).
[2026-09-11 14:40:03] Processing Realbooru #996298...
[2026-09-11 14:40:03]   Skipped: Post #996298 already in DB (Post #9129).
[2026-09-11 14:40:03] Processing Realbooru #996222...
[2026-09-11 14:40:03]   Skipped: Post #996222 already in DB (Post #9130).
[2026-09-11 14:40:03] Processing Realbooru #996207...
[2026-09-11 14:40:03]   Skipped: Post #996207 already in DB (Post #9131).
[2026-09-11 14:40:03] Processing Realbooru #996205...
[2026-09-11 14:40:03]   Skipped: Post #996205 already in DB (Post #9132).
[2026-09-11 14:40:03] Processing Realbooru #996162...
[2026-09-11 14:40:03]   Skipped: Post #996162 already in DB (Post #9133).
[2026-09-11 14:40:03] Processing Realbooru #996161...
[2026-09-11 14:40:03]   Skipped: Post #996161 already in DB (Post #9134).
[2026-09-11 14:40:03] Processing Realbooru #996160...
[2026-09-11 14:40:03]   Skipped: Post #996160 already in DB (Post #9135).
[2026-09-11 14:40:03] Processing Realbooru #996159...
[2026-09-11 14:40:03]   Skipped: Post #996159 already in DB (Post #9136).
[2026-09-11 14:40:03] Processing Realbooru #996158...
[2026-09-11 14:40:03]   Skipped: Post #996158 already in DB (Post #9137).
[2026-09-11 14:40:03] Processing Realbooru #996157...
[2026-09-11 14:40:03]   Skipped: Post #996157 already in DB (Post #9138).
[2026-09-11 14:40:03] Processing Realbooru #996156...
[2026-09-11 14:40:03]   Skipped: Post #996156 already in DB (Post #9139).
[2026-09-11 14:40:03] Processing Realbooru #996155...
[2026-09-11 14:40:03]   Skipped: Post #996155 already in DB (Post #9140).
[2026-09-11 14:40:03] Processing Realbooru #996138...
[2026-09-11 14:40:03]   Skipped: Post #996138 already in DB (Post #9141).
[2026-09-11 14:40:03] Processing Realbooru #996137...
[2026-09-11 14:40:03]   Skipped: Post #996137 already in DB (Post #9142).
[2026-09-11 14:40:03] Processing Realbooru #996136...
[2026-09-11 14:40:03]   Skipped: Post #996136 already in DB (Post #9143).
[2026-09-11 14:40:03] Processing Realbooru #996135...
[2026-09-11 14:40:03]   Skipped: Post #996135 already in DB (Post #9144).
[2026-09-11 14:40:03] Processing Realbooru #996054...
[2026-09-11 14:40:03]   Skipped: Post #996054 already in DB (Post #9145).
[2026-09-11 14:40:03] Processing Realbooru #996020...
[2026-09-11 14:40:03]   Skipped: Post #996020 already in DB (Post #9146).
[2026-09-11 14:40:03] Processing Realbooru #996018...
[2026-09-11 14:40:03]   Skipped: Post #996018 already in DB (Post #9147).
[2026-09-11 14:40:03] Processing Realbooru #996015...
[2026-09-11 14:40:03]   Skipped: Post #996015 already in DB (Post #9148).
[2026-09-11 14:40:03] Processing Realbooru #996014...
[2026-09-11 14:40:03]   Skipped: Post #996014 already in DB (Post #9149).
[2026-09-11 14:40:03] Processing Realbooru #996012...
[2026-09-11 14:40:03]   Skipped: Post #996012 already in DB (Post #9150).
[2026-09-11 14:40:03] Processing Realbooru #996011...
[2026-09-11 14:40:03]   Skipped: Post #996011 already in DB (Post #9151).
[2026-09-11 14:40:03] Processing Realbooru #996010...
[2026-09-11 14:40:03]   Skipped: Post #996010 already in DB (Post #9152).
[2026-09-11 14:40:03] Processing Realbooru #996009...
[2026-09-11 14:40:03]   Skipped: Post #996009 already in DB (Post #9153).
[2026-09-11 14:40:03] Processing Realbooru #996008...
[2026-09-11 14:40:03]   Skipped: Post #996008 already in DB (Post #9154).
[2026-09-11 14:40:03] Fetching page list (pid=378)...
[2026-09-11 14:40:05] Processing Realbooru #996007...
[2026-09-11 14:40:05]   Skipped: Post #996007 already in DB (Post #9155).
[2026-09-11 14:40:05] Processing Realbooru #996006...
[2026-09-11 14:40:05]   Skipped: Post #996006 already in DB (Post #9156).
[2026-09-11 14:40:05] Processing Realbooru #996005...
[2026-09-11 14:40:05]   Skipped: Post #996005 already in DB (Post #9157).
[2026-09-11 14:40:05] Processing Realbooru #996004...
[2026-09-11 14:40:05]   Skipped: Post #996004 already in DB (Post #9158).
[2026-09-11 14:40:05] Processing Realbooru #996001...
[2026-09-11 14:40:05]   Skipped: Post #996001 already in DB (Post #9159).
[2026-09-11 14:40:05] Processing Realbooru #996000...
[2026-09-11 14:40:05]   Skipped: Post #996000 already in DB (Post #9160).
[2026-09-11 14:40:05] Processing Realbooru #995999...
[2026-09-11 14:40:05]   Skipped: Post #995999 already in DB (Post #9161).
[2026-09-11 14:40:05] Processing Realbooru #995928...
[2026-09-11 14:40:05]   Skipped: Post #995928 already in DB (Post #9162).
[2026-09-11 14:40:05] Processing Realbooru #995923...
[2026-09-11 14:40:05]   Skipped: Post #995923 already in DB (Post #9163).
[2026-09-11 14:40:05] Processing Realbooru #995899...
[2026-09-11 14:40:05]   Skipped: Post #995899 already in DB (Post #9164).
[2026-09-11 14:40:05] Processing Realbooru #995797...
[2026-09-11 14:40:05]   Skipped: Post #995797 already in DB (Post #9165).
[2026-09-11 14:40:05] Processing Realbooru #995796...
[2026-09-11 14:40:05]   Skipped: Post #995796 already in DB (Post #9166).
[2026-09-11 14:40:05] Processing Realbooru #995788...
[2026-09-11 14:40:05]   Skipped: Post #995788 already in DB (Post #9167).
[2026-09-11 14:40:05] Processing Realbooru #995785...
[2026-09-11 14:40:05]   Skipped: Post #995785 already in DB (Post #9168).
[2026-09-11 14:40:05] Processing Realbooru #995706...
[2026-09-11 14:40:05]   Skipped: Post #995706 already in DB (Post #9169).
[2026-09-11 14:40:05] Processing Realbooru #995666...
[2026-09-11 14:40:05]   Skipped: Post #995666 already in DB (Post #9170).
[2026-09-11 14:40:05] Processing Realbooru #995664...
[2026-09-11 14:40:05]   Skipped: Post #995664 already in DB (Post #9171).
[2026-09-11 14:40:05] Processing Realbooru #995648...
[2026-09-11 14:40:05]   Skipped: Post #995648 already in DB (Post #9172).
[2026-09-11 14:40:05] Processing Realbooru #995641...
[2026-09-11 14:40:05]   Skipped: Post #995641 already in DB (Post #9173).
[2026-09-11 14:40:05] Processing Realbooru #995591...
[2026-09-11 14:40:05]   Skipped: Post #995591 already in DB (Post #9174).
[2026-09-11 14:40:05] Processing Realbooru #995590...
[2026-09-11 14:40:05]   Skipped: Post #995590 already in DB (Post #9175).
[2026-09-11 14:40:05] Processing Realbooru #995523...
[2026-09-11 14:40:05]   Skipped: Post #995523 already in DB (Post #9176).
[2026-09-11 14:40:05] Processing Realbooru #995522...
[2026-09-11 14:40:05]   Skipped: Post #995522 already in DB (Post #9177).
[2026-09-11 14:40:05] Processing Realbooru #995496...
[2026-09-11 14:40:05]   Skipped: Post #995496 already in DB (Post #9178).
[2026-09-11 14:40:05] Processing Realbooru #995495...
[2026-09-11 14:40:05]   Skipped: Post #995495 already in DB (Post #9179).
[2026-09-11 14:40:05] Processing Realbooru #995493...
[2026-09-11 14:40:05]   Skipped: Post #995493 already in DB (Post #9180).
[2026-09-11 14:40:05] Processing Realbooru #995492...
[2026-09-11 14:40:05]   Skipped: Post #995492 already in DB (Post #9181).
[2026-09-11 14:40:05] Processing Realbooru #995475...
[2026-09-11 14:40:05]   Skipped: Post #995475 already in DB (Post #9182).
[2026-09-11 14:40:05] Processing Realbooru #995436...
[2026-09-11 14:40:05]   Skipped: Post #995436 already in DB (Post #9183).
[2026-09-11 14:40:05] Processing Realbooru #995430...
[2026-09-11 14:40:05]   Skipped: Post #995430 already in DB (Post #9184).
[2026-09-11 14:40:05] Processing Realbooru #995313...
[2026-09-11 14:40:05]   Skipped: Post #995313 already in DB (Post #9185).
[2026-09-11 14:40:05] Processing Realbooru #995312...
[2026-09-11 14:40:05]   Skipped: Post #995312 already in DB (Post #9186).
[2026-09-11 14:40:05] Processing Realbooru #995262...
[2026-09-11 14:40:05]   Skipped: Post #995262 already in DB (Post #9187).
[2026-09-11 14:40:05] Processing Realbooru #995253...
[2026-09-11 14:40:05]   Skipped: Post #995253 already in DB (Post #9188).
[2026-09-11 14:40:05] Processing Realbooru #995251...
[2026-09-11 14:40:05]   Skipped: Post #995251 already in DB (Post #9189).
[2026-09-11 14:40:05] Processing Realbooru #995204...
[2026-09-11 14:40:05]   Skipped: Post #995204 already in DB (Post #9190).
[2026-09-11 14:40:05] Processing Realbooru #995202...
[2026-09-11 14:40:05]   Skipped: Post #995202 already in DB (Post #9191).
[2026-09-11 14:40:05] Processing Realbooru #995169...
[2026-09-11 14:40:05]   Skipped: Post #995169 already in DB (Post #9192).
[2026-09-11 14:40:05] Processing Realbooru #995168...
[2026-09-11 14:40:05]   Skipped: Post #995168 already in DB (Post #9193).
[2026-09-11 14:40:05] Processing Realbooru #995053...
[2026-09-11 14:40:05]   Skipped: Post #995053 already in DB (Post #9194).
[2026-09-11 14:40:05] Processing Realbooru #995017...
[2026-09-11 14:40:05]   Skipped: Post #995017 already in DB (Post #9195).
[2026-09-11 14:40:05] Processing Realbooru #994960...
[2026-09-11 14:40:05]   Skipped: Post #994960 already in DB (Post #9196).
[2026-09-11 14:40:05] Fetching page list (pid=420)...
[2026-09-11 14:40:06] Processing Realbooru #994951...
[2026-09-11 14:40:06]   Skipped: Post #994951 already in DB (Post #9197).
[2026-09-11 14:40:06] Processing Realbooru #994937...
[2026-09-11 14:40:06]   Skipped: Post #994937 already in DB (Post #9198).
[2026-09-11 14:40:06] Processing Realbooru #994935...
[2026-09-11 14:40:06]   Skipped: Post #994935 already in DB (Post #9199).
[2026-09-11 14:40:06] Processing Realbooru #994933...
[2026-09-11 14:40:06]   Skipped: Post #994933 already in DB (Post #9200).
[2026-09-11 14:40:06] Processing Realbooru #994931...
[2026-09-11 14:40:06]   Skipped: Post #994931 already in DB (Post #9201).
[2026-09-11 14:40:06] Processing Realbooru #994657...
[2026-09-11 14:40:06]   Skipped: Post #994657 already in DB (Post #9202).
[2026-09-11 14:40:06] Processing Realbooru #994656...
[2026-09-11 14:40:06]   Skipped: Post #994656 already in DB (Post #9203).
[2026-09-11 14:40:06] Processing Realbooru #994655...
[2026-09-11 14:40:06]   Skipped: Post #994655 already in DB (Post #9204).
[2026-09-11 14:40:06] Processing Realbooru #994653...
[2026-09-11 14:40:06]   Skipped: Post #994653 already in DB (Post #9205).
[2026-09-11 14:40:06] Processing Realbooru #994652...
[2026-09-11 14:40:06]   Skipped: Post #994652 already in DB (Post #9206).
[2026-09-11 14:40:06] Processing Realbooru #994638...
[2026-09-11 14:40:06]   Skipped: Post #994638 already in DB (Post #9207).
[2026-09-11 14:40:06] Processing Realbooru #994637...
[2026-09-11 14:40:06]   Skipped: Post #994637 already in DB (Post #9208).
[2026-09-11 14:40:06] Processing Realbooru #994636...
[2026-09-11 14:40:06]   Skipped: Post #994636 already in DB (Post #9209).
[2026-09-11 14:40:06] Processing Realbooru #994635...
[2026-09-11 14:40:06]   Skipped: Post #994635 already in DB (Post #9210).
[2026-09-11 14:40:06] Processing Realbooru #994634...
[2026-09-11 14:40:06]   Skipped: Post #994634 already in DB (Post #9211).
[2026-09-11 14:40:06] Processing Realbooru #994632...
[2026-09-11 14:40:06]   Skipped: Post #994632 already in DB (Post #9212).
[2026-09-11 14:40:06] Processing Realbooru #994557...
[2026-09-11 14:40:06]   Skipped: Post #994557 already in DB (Post #9213).
[2026-09-11 14:40:06] Processing Realbooru #994556...
[2026-09-11 14:40:06]   Skipped: Post #994556 already in DB (Post #9214).
[2026-09-11 14:40:06] Processing Realbooru #994521...
[2026-09-11 14:40:06]   Skipped: Post #994521 already in DB (Post #9215).
[2026-09-11 14:40:06] Processing Realbooru #994518...
[2026-09-11 14:40:06]   Skipped: Post #994518 already in DB (Post #9216).
[2026-09-11 14:40:06] Processing Realbooru #994491...
[2026-09-11 14:40:06]   Skipped: Post #994491 already in DB (Post #9217).
[2026-09-11 14:40:06] Processing Realbooru #994490...
[2026-09-11 14:40:06]   Skipped: Post #994490 already in DB (Post #9218).
[2026-09-11 14:40:06] Processing Realbooru #994484...
[2026-09-11 14:40:06]   Skipped: Post #994484 already in DB (Post #9219).
[2026-09-11 14:40:06] Processing Realbooru #994474...
[2026-09-11 14:40:06]   Skipped: Post #994474 already in DB (Post #9220).
[2026-09-11 14:40:06] Processing Realbooru #994472...
[2026-09-11 14:40:06]   Skipped: Post #994472 already in DB (Post #9221).
[2026-09-11 14:40:06] Processing Realbooru #994471...
[2026-09-11 14:40:06]   Skipped: Post #994471 already in DB (Post #9222).
[2026-09-11 14:40:06] Processing Realbooru #994469...
[2026-09-11 14:40:06]   Skipped: Post #994469 already in DB (Post #9223).
[2026-09-11 14:40:06] Processing Realbooru #994468...
[2026-09-11 14:40:06]   Skipped: Post #994468 already in DB (Post #9224).
[2026-09-11 14:40:06] Processing Realbooru #994467...
[2026-09-11 14:40:06]   Skipped: Post #994467 already in DB (Post #9225).
[2026-09-11 14:40:06] Processing Realbooru #994465...
[2026-09-11 14:40:06]   Skipped: Post #994465 already in DB (Post #9226).
[2026-09-11 14:40:06] Processing Realbooru #994462...
[2026-09-11 14:40:06]   Skipped: Post #994462 already in DB (Post #9227).
[2026-09-11 14:40:06] Processing Realbooru #994460...
[2026-09-11 14:40:06]   Skipped: Post #994460 already in DB (Post #9228).
[2026-09-11 14:40:06] Processing Realbooru #994459...
[2026-09-11 14:40:06]   Skipped: Post #994459 already in DB (Post #9229).
[2026-09-11 14:40:06] Processing Realbooru #994458...
[2026-09-11 14:40:06]   Skipped: Post #994458 already in DB (Post #9230).
[2026-09-11 14:40:06] Processing Realbooru #994447...
[2026-09-11 14:40:06]   Skipped: Post #994447 already in DB (Post #9231).
[2026-09-11 14:40:06] Processing Realbooru #994250...
[2026-09-11 14:40:06]   Skipped: Post #994250 already in DB (Post #9232).
[2026-09-11 14:40:06] Processing Realbooru #994187...
[2026-09-11 14:40:06]   Skipped: Post #994187 already in DB (Post #9233).
[2026-09-11 14:40:06] Processing Realbooru #994148...
[2026-09-11 14:40:06]   Skipped: Post #994148 already in DB (Post #9234).
[2026-09-11 14:40:06] Processing Realbooru #994075...
[2026-09-11 14:40:06]   Skipped: Post #994075 already in DB (Post #9235).
[2026-09-11 14:40:06] Processing Realbooru #994064...
[2026-09-11 14:40:06]   Skipped: Post #994064 already in DB (Post #9236).
[2026-09-11 14:40:06] Processing Realbooru #994039...
[2026-09-11 14:40:06]   Skipped: Post #994039 already in DB (Post #9237).
[2026-09-11 14:40:06] Processing Realbooru #994022...
[2026-09-11 14:40:06]   Skipped: Post #994022 already in DB (Post #9238).
[2026-09-11 14:40:06] Fetching page list (pid=462)...
[2026-09-11 14:40:07] Processing Realbooru #994018...
[2026-09-11 14:40:07]   Skipped: Post #994018 already in DB (Post #9239).
[2026-09-11 14:40:07] Processing Realbooru #994011...
[2026-09-11 14:40:07]   Skipped: Post #994011 already in DB (Post #9240).
[2026-09-11 14:40:07] Processing Realbooru #994010...
[2026-09-11 14:40:07]   Skipped: Post #994010 already in DB (Post #9241).
[2026-09-11 14:40:07] Processing Realbooru #994009...
[2026-09-11 14:40:07]   Skipped: Post #994009 already in DB (Post #9242).
[2026-09-11 14:40:07] Processing Realbooru #993999...
[2026-09-11 14:40:07]   Skipped: Post #993999 already in DB (Post #9243).
[2026-09-11 14:40:07] Processing Realbooru #993905...
[2026-09-11 14:40:07]   Skipped: Post #993905 already in DB (Post #9244).
[2026-09-11 14:40:07] Processing Realbooru #993884...
[2026-09-11 14:40:07]   Skipped: Post #993884 already in DB (Post #9245).
[2026-09-11 14:40:07] Processing Realbooru #993724...
[2026-09-11 14:40:07]   Skipped: Post #993724 already in DB (Post #9246).
[2026-09-11 14:40:07] Processing Realbooru #993723...
[2026-09-11 14:40:07]   Skipped: Post #993723 already in DB (Post #9247).
[2026-09-11 14:40:07] Processing Realbooru #993719...
[2026-09-11 14:40:07]   Skipped: Post #993719 already in DB (Post #9248).
[2026-09-11 14:40:07] Processing Realbooru #993675...
[2026-09-11 14:40:07]   Skipped: Post #993675 already in DB (Post #9249).
[2026-09-11 14:40:07] Processing Realbooru #993673...
[2026-09-11 14:40:07]   Skipped: Post #993673 already in DB (Post #9250).
[2026-09-11 14:40:07] Processing Realbooru #993672...
[2026-09-11 14:40:07]   Skipped: Post #993672 already in DB (Post #9251).
[2026-09-11 14:40:07] Processing Realbooru #993664...
[2026-09-11 14:40:07]   Skipped: Post #993664 already in DB (Post #9252).
[2026-09-11 14:40:07] Processing Realbooru #993663...
[2026-09-11 14:40:07]   Skipped: Post #993663 already in DB (Post #9253).
[2026-09-11 14:40:07] Processing Realbooru #993648...
[2026-09-11 14:40:07]   Skipped: Post #993648 already in DB (Post #9254).
[2026-09-11 14:40:07] Processing Realbooru #993600...
[2026-09-11 14:40:07]   Skipped: Post #993600 already in DB (Post #9255).
[2026-09-11 14:40:07] Processing Realbooru #993599...
[2026-09-11 14:40:07]   Skipped: Post #993599 already in DB (Post #9256).
[2026-09-11 14:40:07] Processing Realbooru #993598...
[2026-09-11 14:40:07]   Skipped: Post #993598 already in DB (Post #9257).
[2026-09-11 14:40:07] Processing Realbooru #993532...
[2026-09-11 14:40:07]   Skipped: Post #993532 already in DB (Post #9258).
[2026-09-11 14:40:07] Processing Realbooru #993428...
[2026-09-11 14:40:07]   Skipped: Post #993428 already in DB (Post #9259).
[2026-09-11 14:40:07] Processing Realbooru #993329...
[2026-09-11 14:40:07]   Skipped: Post #993329 already in DB (Post #9260).
[2026-09-11 14:40:07] Processing Realbooru #993295...
[2026-09-11 14:40:07]   Skipped: Post #993295 already in DB (Post #9261).
[2026-09-11 14:40:07] Processing Realbooru #993253...
[2026-09-11 14:40:07]   Skipped: Post #993253 already in DB (Post #9262).
[2026-09-11 14:40:07] Processing Realbooru #993164...
[2026-09-11 14:40:07]   Skipped: Post #993164 already in DB (Post #9263).
[2026-09-11 14:40:07] Processing Realbooru #993163...
[2026-09-11 14:40:07]   Skipped: Post #993163 already in DB (Post #9264).
[2026-09-11 14:40:07] Processing Realbooru #993161...
[2026-09-11 14:40:07]   Skipped: Post #993161 already in DB (Post #9265).
[2026-09-11 14:40:07] Processing Realbooru #993154...
[2026-09-11 14:40:07]   Skipped: Post #993154 already in DB (Post #9266).
[2026-09-11 14:40:07] Processing Realbooru #993153...
[2026-09-11 14:40:07]   Skipped: Post #993153 already in DB (Post #9267).
[2026-09-11 14:40:07] Processing Realbooru #993152...
[2026-09-11 14:40:07]   Skipped: Post #993152 already in DB (Post #9268).
[2026-09-11 14:40:07] Processing Realbooru #993150...
[2026-09-11 14:40:07]   Skipped: Post #993150 already in DB (Post #9269).
[2026-09-11 14:40:07] Processing Realbooru #993149...
[2026-09-11 14:40:07]   Skipped: Post #993149 already in DB (Post #9270).
[2026-09-11 14:40:07] Processing Realbooru #993148...
[2026-09-11 14:40:07]   Skipped: Post #993148 already in DB (Post #9271).
[2026-09-11 14:40:07] Processing Realbooru #993143...
[2026-09-11 14:40:07]   Skipped: Post #993143 already in DB (Post #9272).
[2026-09-11 14:40:07] Processing Realbooru #993142...
[2026-09-11 14:40:07]   Skipped: Post #993142 already in DB (Post #9273).
[2026-09-11 14:40:07] Processing Realbooru #993138...
[2026-09-11 14:40:07]   Skipped: Post #993138 already in DB (Post #9274).
[2026-09-11 14:40:07] Processing Realbooru #993028...
[2026-09-11 14:40:07]   Skipped: Post #993028 already in DB (Post #9275).
[2026-09-11 14:40:07] Processing Realbooru #993018...
[2026-09-11 14:40:07]   Skipped: Post #993018 already in DB (Post #9276).
[2026-09-11 14:40:07] Processing Realbooru #992948...
[2026-09-11 14:40:07]   Skipped: Post #992948 already in DB (Post #9277).
[2026-09-11 14:40:07] Processing Realbooru #992947...
[2026-09-11 14:40:07]   Skipped: Post #992947 already in DB (Post #9278).
[2026-09-11 14:40:07] Processing Realbooru #992946...
[2026-09-11 14:40:07]   Skipped: Post #992946 already in DB (Post #9279).
[2026-09-11 14:40:07] Processing Realbooru #992942...
[2026-09-11 14:40:07]   Skipped: Post #992942 already in DB (Post #9280).
[2026-09-11 14:40:07] Fetching page list (pid=504)...
[2026-09-11 14:40:08] Processing Realbooru #992924...
[2026-09-11 14:40:08]   Skipped: Post #992924 already in DB (Post #9281).
[2026-09-11 14:40:08] Processing Realbooru #992917...
[2026-09-11 14:40:08]   Skipped: Post #992917 already in DB (Post #9282).
[2026-09-11 14:40:08] Processing Realbooru #992916...
[2026-09-11 14:40:08]   Skipped: Post #992916 already in DB (Post #9283).
[2026-09-11 14:40:08] Processing Realbooru #992915...
[2026-09-11 14:40:08]   Skipped: Post #992915 already in DB (Post #9284).
[2026-09-11 14:40:08] Processing Realbooru #992913...
[2026-09-11 14:40:08]   Skipped: Post #992913 already in DB (Post #9285).
[2026-09-11 14:40:08] Processing Realbooru #992912...
[2026-09-11 14:40:08]   Skipped: Post #992912 already in DB (Post #9286).
[2026-09-11 14:40:08] Processing Realbooru #992911...
[2026-09-11 14:40:08]   Skipped: Post #992911 already in DB (Post #9287).
[2026-09-11 14:40:08] Processing Realbooru #992910...
[2026-09-11 14:40:08]   Skipped: Post #992910 already in DB (Post #9288).
[2026-09-11 14:40:08] Processing Realbooru #992909...
[2026-09-11 14:40:08]   Skipped: Post #992909 already in DB (Post #9289).
[2026-09-11 14:40:08] Processing Realbooru #992908...
[2026-09-11 14:40:08]   Skipped: Post #992908 already in DB (Post #9290).
[2026-09-11 14:40:08] Processing Realbooru #992907...
[2026-09-11 14:40:08]   Skipped: Post #992907 already in DB (Post #9291).
[2026-09-11 14:40:08] Processing Realbooru #992834...
[2026-09-11 14:40:08]   Skipped: Post #992834 already in DB (Post #9292).
[2026-09-11 14:40:08] Processing Realbooru #992824...
[2026-09-11 14:40:08]   Skipped: Post #992824 already in DB (Post #9293).
[2026-09-11 14:40:08] Processing Realbooru #992823...
[2026-09-11 14:40:08]   Skipped: Post #992823 already in DB (Post #9294).
[2026-09-11 14:40:08] Processing Realbooru #992822...
[2026-09-11 14:40:08]   Skipped: Post #992822 already in DB (Post #9295).
[2026-09-11 14:40:08] Processing Realbooru #992821...
[2026-09-11 14:40:08]   Skipped: Post #992821 already in DB (Post #9296).
[2026-09-11 14:40:08] Processing Realbooru #992820...
[2026-09-11 14:40:08]   Skipped: Post #992820 already in DB (Post #9297).
[2026-09-11 14:40:08] Processing Realbooru #992744...
[2026-09-11 14:40:08]   Skipped: Post #992744 already in DB (Post #9298).
[2026-09-11 14:40:08] Processing Realbooru #992738...
[2026-09-11 14:40:08]   Skipped: Post #992738 already in DB (Post #9299).
[2026-09-11 14:40:08] Processing Realbooru #992737...
[2026-09-11 14:40:08]   Skipped: Post #992737 already in DB (Post #9300).
[2026-09-11 14:40:08] Processing Realbooru #992679...
[2026-09-11 14:40:08]   Skipped: Post #992679 already in DB (Post #9301).
[2026-09-11 14:40:08] Processing Realbooru #992678...
[2026-09-11 14:40:08]   Skipped: Post #992678 already in DB (Post #9302).
[2026-09-11 14:40:08] Processing Realbooru #992677...
[2026-09-11 14:40:08]   Skipped: Post #992677 already in DB (Post #9303).
[2026-09-11 14:40:08] Processing Realbooru #992676...
[2026-09-11 14:40:08]   Skipped: Post #992676 already in DB (Post #9304).
[2026-09-11 14:40:08] Processing Realbooru #992675...
[2026-09-11 14:40:08]   Skipped: Post #992675 already in DB (Post #9305).
[2026-09-11 14:40:08] Processing Realbooru #992608...
[2026-09-11 14:40:08]   Skipped: Post #992608 already in DB (Post #9306).
[2026-09-11 14:40:08] Processing Realbooru #992572...
[2026-09-11 14:40:08]   Skipped: Post #992572 already in DB (Post #9307).
[2026-09-11 14:40:08] Processing Realbooru #992512...
[2026-09-11 14:40:08]   Skipped: Post #992512 already in DB (Post #9308).
[2026-09-11 14:40:08] Processing Realbooru #992511...
[2026-09-11 14:40:08]   Skipped: Post #992511 already in DB (Post #9309).
[2026-09-11 14:40:08] Processing Realbooru #992510...
[2026-09-11 14:40:08]   Skipped: Post #992510 already in DB (Post #9310).
[2026-09-11 14:40:08] Processing Realbooru #992498...
[2026-09-11 14:40:08]   Skipped: Post #992498 already in DB (Post #9311).
[2026-09-11 14:40:08] Processing Realbooru #992474...
[2026-09-11 14:40:08]   Skipped: Post #992474 already in DB (Post #9312).
[2026-09-11 14:40:08] Processing Realbooru #992473...
[2026-09-11 14:40:08]   Skipped: Post #992473 already in DB (Post #9313).
[2026-09-11 14:40:08] Processing Realbooru #992467...
[2026-09-11 14:40:08]   Skipped: Post #992467 already in DB (Post #9314).
[2026-09-11 14:40:08] Processing Realbooru #992331...
[2026-09-11 14:40:08]   Skipped: Post #992331 already in DB (Post #9315).
[2026-09-11 14:40:08] Processing Realbooru #992330...
[2026-09-11 14:40:08]   Skipped: Post #992330 already in DB (Post #9316).
[2026-09-11 14:40:08] Processing Realbooru #992329...
[2026-09-11 14:40:08]   Skipped: Post #992329 already in DB (Post #9317).
[2026-09-11 14:40:08] Processing Realbooru #992253...
[2026-09-11 14:40:08]   Skipped: Post #992253 already in DB (Post #9318).
[2026-09-11 14:40:08] Processing Realbooru #992251...
[2026-09-11 14:40:08]   Skipped: Post #992251 already in DB (Post #9319).
[2026-09-11 14:40:08] Processing Realbooru #992250...
[2026-09-11 14:40:08]   Skipped: Post #992250 already in DB (Post #9320).
[2026-09-11 14:40:08] Processing Realbooru #992248...
[2026-09-11 14:40:08]   Skipped: Post #992248 already in DB (Post #9321).
[2026-09-11 14:40:09] Processing Realbooru #992020...
[2026-09-11 14:40:09]   Skipped: Post #992020 already in DB (Post #9322).
[2026-09-11 14:40:09] Fetching page list (pid=546)...
[2026-09-11 14:40:10] Processing Realbooru #992016...
[2026-09-11 14:40:10]   Skipped: Post #992016 already in DB (Post #9323).
[2026-09-11 14:40:10] Processing Realbooru #991997...
[2026-09-11 14:40:10]   Skipped: Post #991997 already in DB (Post #9324).
[2026-09-11 14:40:10] Processing Realbooru #991996...
[2026-09-11 14:40:10]   Skipped: Post #991996 already in DB (Post #9325).
[2026-09-11 14:40:10] Processing Realbooru #991977...
[2026-09-11 14:40:10]   Skipped: Post #991977 already in DB (Post #9326).
[2026-09-11 14:40:10] Processing Realbooru #991864...
[2026-09-11 14:40:10]   Skipped: Post #991864 already in DB (Post #9327).
[2026-09-11 14:40:10] Processing Realbooru #991863...
[2026-09-11 14:40:10]   Skipped: Post #991863 already in DB (Post #9328).
[2026-09-11 14:40:10] Processing Realbooru #991850...
[2026-09-11 14:40:10]   Skipped: Post #991850 already in DB (Post #9329).
[2026-09-11 14:40:10] Processing Realbooru #991848...
[2026-09-11 14:40:10]   Skipped: Post #991848 already in DB (Post #9330).
[2026-09-11 14:40:10] Processing Realbooru #991847...
[2026-09-11 14:40:10]   Skipped: Post #991847 already in DB (Post #9331).
[2026-09-11 14:40:10] Processing Realbooru #991845...
[2026-09-11 14:40:10]   Skipped: Post #991845 already in DB (Post #9332).
[2026-09-11 14:40:10] Processing Realbooru #991844...
[2026-09-11 14:40:10]   Skipped: Post #991844 already in DB (Post #9333).
[2026-09-11 14:40:10] Processing Realbooru #991747...
[2026-09-11 14:40:10]   Skipped: Post #991747 already in DB (Post #9334).
[2026-09-11 14:40:10] Processing Realbooru #991673...
[2026-09-11 14:40:10]   Skipped: Post #991673 already in DB (Post #9335).
[2026-09-11 14:40:10] Processing Realbooru #991672...
[2026-09-11 14:40:10]   Skipped: Post #991672 already in DB (Post #9336).
[2026-09-11 14:40:10] Processing Realbooru #991541...
[2026-09-11 14:40:10]   Skipped: Post #991541 already in DB (Post #9337).
[2026-09-11 14:40:10] Processing Realbooru #991439...
[2026-09-11 14:40:10]   Skipped: Post #991439 already in DB (Post #9338).
[2026-09-11 14:40:10] Processing Realbooru #991437...
[2026-09-11 14:40:10]   Skipped: Post #991437 already in DB (Post #9339).
[2026-09-11 14:40:10] Processing Realbooru #991411...
[2026-09-11 14:40:10]   Skipped: Post #991411 already in DB (Post #9340).
[2026-09-11 14:40:10] Processing Realbooru #991203...
[2026-09-11 14:40:10]   Skipped: Post #991203 already in DB (Post #9341).
[2026-09-11 14:40:10] Processing Realbooru #991202...
[2026-09-11 14:40:10]   Skipped: Post #991202 already in DB (Post #9342).
[2026-09-11 14:40:10] Processing Realbooru #991200...
[2026-09-11 14:40:10]   Skipped: Post #991200 already in DB (Post #9343).
[2026-09-11 14:40:10] Processing Realbooru #991199...
[2026-09-11 14:40:10]   Skipped: Post #991199 already in DB (Post #9344).
[2026-09-11 14:40:10] Processing Realbooru #991197...
[2026-09-11 14:40:10]   Skipped: Post #991197 already in DB (Post #9345).
[2026-09-11 14:40:10] Processing Realbooru #991194...
[2026-09-11 14:40:10]   Skipped: Post #991194 already in DB (Post #9346).
[2026-09-11 14:40:10] Processing Realbooru #991193...
[2026-09-11 14:40:10]   Skipped: Post #991193 already in DB (Post #9347).
[2026-09-11 14:40:10] Processing Realbooru #991192...
[2026-09-11 14:40:10]   Skipped: Post #991192 already in DB (Post #9348).
[2026-09-11 14:40:10] Processing Realbooru #991190...
[2026-09-11 14:40:10]   Skipped: Post #991190 already in DB (Post #9349).
[2026-09-11 14:40:10] Processing Realbooru #991180...
[2026-09-11 14:40:10]   Skipped: Post #991180 already in DB (Post #9350).
[2026-09-11 14:40:10] Processing Realbooru #991172...
[2026-09-11 14:40:10]   Skipped: Post #991172 already in DB (Post #9351).
[2026-09-11 14:40:10] Processing Realbooru #991171...
[2026-09-11 14:40:10]   Skipped: Post #991171 already in DB (Post #9352).
[2026-09-11 14:40:10] Processing Realbooru #991169...
[2026-09-11 14:40:10]   Skipped: Post #991169 already in DB (Post #9353).
[2026-09-11 14:40:10] Processing Realbooru #991163...
[2026-09-11 14:40:10]   Skipped: Post #991163 already in DB (Post #9354).
[2026-09-11 14:40:10] Processing Realbooru #991161...
[2026-09-11 14:40:10]   Skipped: Post #991161 already in DB (Post #9355).
[2026-09-11 14:40:10] Processing Realbooru #991151...
[2026-09-11 14:40:10]   Skipped: Post #991151 already in DB (Post #9356).
[2026-09-11 14:40:10] Processing Realbooru #991149...
[2026-09-11 14:40:10]   Skipped: Post #991149 already in DB (Post #9357).
[2026-09-11 14:40:10] Processing Realbooru #991121...
[2026-09-11 14:40:10]   Skipped: Post #991121 already in DB (Post #9358).
[2026-09-11 14:40:10] Processing Realbooru #991120...
[2026-09-11 14:40:10]   Skipped: Post #991120 already in DB (Post #9359).
[2026-09-11 14:40:10] Processing Realbooru #991109...
[2026-09-11 14:40:10]   Skipped: Post #991109 already in DB (Post #9360).
[2026-09-11 14:40:10] Processing Realbooru #991108...
[2026-09-11 14:40:10]   Skipped: Post #991108 already in DB (Post #9361).
[2026-09-11 14:40:10] Processing Realbooru #991107...
[2026-09-11 14:40:10]   Skipped: Post #991107 already in DB (Post #9362).
[2026-09-11 14:40:10] Processing Realbooru #991091...
[2026-09-11 14:40:10]   Skipped: Post #991091 already in DB (Post #9363).
[2026-09-11 14:40:10] Processing Realbooru #990994...
[2026-09-11 14:40:10]   Skipped: Post #990994 already in DB (Post #9364).
[2026-09-11 14:40:10] Fetching page list (pid=588)...
[2026-09-11 14:40:11] Processing Realbooru #990985...
[2026-09-11 14:40:11]   Skipped: Post #990985 already in DB (Post #9365).
[2026-09-11 14:40:11] Processing Realbooru #990980...
[2026-09-11 14:40:11]   Skipped: Post #990980 already in DB (Post #9366).
[2026-09-11 14:40:11] Processing Realbooru #990919...
[2026-09-11 14:40:11]   Skipped: Post #990919 already in DB (Post #9367).
[2026-09-11 14:40:11] Processing Realbooru #990889...
[2026-09-11 14:40:11]   Skipped: Post #990889 already in DB (Post #9368).
[2026-09-11 14:40:11] Processing Realbooru #990888...
[2026-09-11 14:40:11]   Skipped: Post #990888 already in DB (Post #9369).
[2026-09-11 14:40:11] Processing Realbooru #990883...
[2026-09-11 14:40:11]   Skipped: Post #990883 already in DB (Post #9370).
[2026-09-11 14:40:11] Processing Realbooru #990882...
[2026-09-11 14:40:11]   Skipped: Post #990882 already in DB (Post #9371).
[2026-09-11 14:40:11] Processing Realbooru #990822...
[2026-09-11 14:40:11]   Skipped: Post #990822 already in DB (Post #9372).
[2026-09-11 14:40:11] Processing Realbooru #990821...
[2026-09-11 14:40:11]   Skipped: Post #990821 already in DB (Post #9373).
[2026-09-11 14:40:11] Processing Realbooru #990820...
[2026-09-11 14:40:11]   Skipped: Post #990820 already in DB (Post #9374).
[2026-09-11 14:40:11] Processing Realbooru #990804...
[2026-09-11 14:40:11]   Skipped: Post #990804 already in DB (Post #9375).
[2026-09-11 14:40:11] Processing Realbooru #990799...
[2026-09-11 14:40:11]   Skipped: Post #990799 already in DB (Post #9376).
[2026-09-11 14:40:11] Processing Realbooru #990792...
[2026-09-11 14:40:11]   Skipped: Post #990792 already in DB (Post #9377).
[2026-09-11 14:40:11] Processing Realbooru #990786...
[2026-09-11 14:40:11]   Skipped: Post #990786 already in DB (Post #9378).
[2026-09-11 14:40:11] Processing Realbooru #990784...
[2026-09-11 14:40:11]   Skipped: Post #990784 already in DB (Post #9379).
[2026-09-11 14:40:11] Processing Realbooru #990782...
[2026-09-11 14:40:11]   Skipped: Post #990782 already in DB (Post #9380).
[2026-09-11 14:40:11] Processing Realbooru #990765...
[2026-09-11 14:40:11]   Skipped: Post #990765 already in DB (Post #9381).
[2026-09-11 14:40:11] Processing Realbooru #990758...
[2026-09-11 14:40:11]   Skipped: Post #990758 already in DB (Post #9382).
[2026-09-11 14:40:11] Processing Realbooru #990757...
[2026-09-11 14:40:11]   Skipped: Post #990757 already in DB (Post #9383).
[2026-09-11 14:40:11] Processing Realbooru #990734...
[2026-09-11 14:40:11]   Skipped: Post #990734 already in DB (Post #9384).
[2026-09-11 14:40:11] Processing Realbooru #990733...
[2026-09-11 14:40:11]   Skipped: Post #990733 already in DB (Post #9385).
[2026-09-11 14:40:11] Processing Realbooru #990706...
[2026-09-11 14:40:11]   Skipped: Post #990706 already in DB (Post #9386).
[2026-09-11 14:40:11] Processing Realbooru #990701...
[2026-09-11 14:40:11]   Skipped: Post #990701 already in DB (Post #9387).
[2026-09-11 14:40:11] Processing Realbooru #990698...
[2026-09-11 14:40:11]   Skipped: Post #990698 already in DB (Post #9388).
[2026-09-11 14:40:11] Processing Realbooru #990675...
[2026-09-11 14:40:11]   Skipped: Post #990675 already in DB (Post #9389).
[2026-09-11 14:40:11] Processing Realbooru #990663...
[2026-09-11 14:40:11]   Skipped: Post #990663 already in DB (Post #9390).
[2026-09-11 14:40:11] Processing Realbooru #990632...
[2026-09-11 14:40:11]   Skipped: Post #990632 already in DB (Post #9391).
[2026-09-11 14:40:11] Processing Realbooru #990626...
[2026-09-11 14:40:11]   Skipped: Post #990626 already in DB (Post #9392).
[2026-09-11 14:40:11] Processing Realbooru #990624...
[2026-09-11 14:40:11]   Skipped: Post #990624 already in DB (Post #9393).
[2026-09-11 14:40:11] Processing Realbooru #990603...
[2026-09-11 14:40:11]   Skipped: Post #990603 already in DB (Post #9394).
[2026-09-11 14:40:11] Processing Realbooru #990591...
[2026-09-11 14:40:11]   Skipped: Post #990591 already in DB (Post #9395).
[2026-09-11 14:40:11] Processing Realbooru #990590...
[2026-09-11 14:40:11]   Skipped: Post #990590 already in DB (Post #9396).
[2026-09-11 14:40:11] Processing Realbooru #990462...
[2026-09-11 14:40:11]   Skipped: Post #990462 already in DB (Post #9397).
[2026-09-11 14:40:11] Processing Realbooru #990461...
[2026-09-11 14:40:11]   Skipped: Post #990461 already in DB (Post #9398).
[2026-09-11 14:40:11] Processing Realbooru #990456...
[2026-09-11 14:40:11]   Skipped: Post #990456 already in DB (Post #9399).
[2026-09-11 14:40:11] Processing Realbooru #990455...
[2026-09-11 14:40:11]   Skipped: Post #990455 already in DB (Post #9400).
[2026-09-11 14:40:11] Processing Realbooru #990454...
[2026-09-11 14:40:11]   Skipped: Post #990454 already in DB (Post #9401).
[2026-09-11 14:40:11] Processing Realbooru #990413...
[2026-09-11 14:40:11]   Skipped: Post #990413 already in DB (Post #9402).
[2026-09-11 14:40:11] Processing Realbooru #990351...
[2026-09-11 14:40:11]   Skipped: Post #990351 already in DB (Post #9403).
[2026-09-11 14:40:11] Processing Realbooru #990349...
[2026-09-11 14:40:11]   Skipped: Post #990349 already in DB (Post #9404).
[2026-09-11 14:40:11] Processing Realbooru #990347...
[2026-09-11 14:40:11]   Skipped: Post #990347 already in DB (Post #9405).
[2026-09-11 14:40:11] Processing Realbooru #990345...
[2026-09-11 14:40:11]   Skipped: Post #990345 already in DB (Post #9406).
[2026-09-11 14:40:11] Fetching page list (pid=630)...
[2026-09-11 14:40:12] Processing Realbooru #990343...
[2026-09-11 14:40:12]   Skipped: Post #990343 already in DB (Post #9407).
[2026-09-11 14:40:12] Processing Realbooru #990342...
[2026-09-11 14:40:12]   Skipped: Post #990342 already in DB (Post #9408).
[2026-09-11 14:40:12] Processing Realbooru #990341...
[2026-09-11 14:40:12]   Skipped: Post #990341 already in DB (Post #9409).
[2026-09-11 14:40:12] Processing Realbooru #990340...
[2026-09-11 14:40:12]   Skipped: Post #990340 already in DB (Post #9410).
[2026-09-11 14:40:12] Processing Realbooru #990338...
[2026-09-11 14:40:12]   Skipped: Post #990338 already in DB (Post #9411).
[2026-09-11 14:40:12] Processing Realbooru #990337...
[2026-09-11 14:40:12]   Skipped: Post #990337 already in DB (Post #9412).
[2026-09-11 14:40:12] Processing Realbooru #990336...
[2026-09-11 14:40:12]   Skipped: Post #990336 already in DB (Post #9413).
[2026-09-11 14:40:12] Processing Realbooru #990335...
[2026-09-11 14:40:12]   Skipped: Post #990335 already in DB (Post #9414).
[2026-09-11 14:40:12] Processing Realbooru #990334...
[2026-09-11 14:40:12]   Skipped: Post #990334 already in DB (Post #9415).
[2026-09-11 14:40:12] Processing Realbooru #990331...
[2026-09-11 14:40:12]   Skipped: Post #990331 already in DB (Post #9416).
[2026-09-11 14:40:12] Processing Realbooru #990329...
[2026-09-11 14:40:12]   Skipped: Post #990329 already in DB (Post #9417).
[2026-09-11 14:40:12] Processing Realbooru #990328...
[2026-09-11 14:40:12]   Skipped: Post #990328 already in DB (Post #9418).
[2026-09-11 14:40:12] Processing Realbooru #990327...
[2026-09-11 14:40:12]   Skipped: Post #990327 already in DB (Post #9419).
[2026-09-11 14:40:12] Processing Realbooru #990325...
[2026-09-11 14:40:12]   Skipped: Post #990325 already in DB (Post #9420).
[2026-09-11 14:40:12] Processing Realbooru #990324...
[2026-09-11 14:40:12]   Skipped: Post #990324 already in DB (Post #9421).
[2026-09-11 14:40:12] Processing Realbooru #990323...
[2026-09-11 14:40:12]   Skipped: Post #990323 already in DB (Post #9422).
[2026-09-11 14:40:12] Processing Realbooru #990321...
[2026-09-11 14:40:12]   Skipped: Post #990321 already in DB (Post #9423).
[2026-09-11 14:40:12] Processing Realbooru #990320...
[2026-09-11 14:40:12]   Skipped: Post #990320 already in DB (Post #9424).
[2026-09-11 14:40:12] Processing Realbooru #990318...
[2026-09-11 14:40:12]   Skipped: Post #990318 already in DB (Post #9425).
[2026-09-11 14:40:12] Processing Realbooru #990317...
[2026-09-11 14:40:12]   Skipped: Post #990317 already in DB (Post #9426).
[2026-09-11 14:40:12] Processing Realbooru #990316...
[2026-09-11 14:40:12]   Skipped: Post #990316 already in DB (Post #9427).
[2026-09-11 14:40:12] Processing Realbooru #990314...
[2026-09-11 14:40:12]   Skipped: Post #990314 already in DB (Post #9428).
[2026-09-11 14:40:12] Processing Realbooru #990313...
[2026-09-11 14:40:12]   Skipped: Post #990313 already in DB (Post #9429).
[2026-09-11 14:40:12] Processing Realbooru #990311...
[2026-09-11 14:40:12]   Skipped: Post #990311 already in DB (Post #9430).
[2026-09-11 14:40:12] Processing Realbooru #990309...
[2026-09-11 14:40:12]   Skipped: Post #990309 already in DB (Post #9431).
[2026-09-11 14:40:12] Processing Realbooru #990308...
[2026-09-11 14:40:12]   Skipped: Post #990308 already in DB (Post #9432).
[2026-09-11 14:40:12] Processing Realbooru #990307...
[2026-09-11 14:40:12]   Skipped: Post #990307 already in DB (Post #9433).
[2026-09-11 14:40:12] Processing Realbooru #990306...
[2026-09-11 14:40:12]   Skipped: Post #990306 already in DB (Post #9434).
[2026-09-11 14:40:12] Processing Realbooru #990305...
[2026-09-11 14:40:12]   Skipped: Post #990305 already in DB (Post #9435).
[2026-09-11 14:40:12] Processing Realbooru #990285...
[2026-09-11 14:40:12]   Skipped: Post #990285 already in DB (Post #9436).
[2026-09-11 14:40:12] Processing Realbooru #990169...
[2026-09-11 14:40:12]   Skipped: Post #990169 already in DB (Post #9437).
[2026-09-11 14:40:12] Processing Realbooru #990168...
[2026-09-11 14:40:12]   Skipped: Post #990168 already in DB (Post #9438).
[2026-09-11 14:40:12] Processing Realbooru #990167...
[2026-09-11 14:40:12]   Skipped: Post #990167 already in DB (Post #9439).
[2026-09-11 14:40:12] Processing Realbooru #990165...
[2026-09-11 14:40:12]   Skipped: Post #990165 already in DB (Post #9440).
[2026-09-11 14:40:12] Processing Realbooru #990164...
[2026-09-11 14:40:12]   Skipped: Post #990164 already in DB (Post #9441).
[2026-09-11 14:40:12] Processing Realbooru #990163...
[2026-09-11 14:40:12]   Skipped: Post #990163 already in DB (Post #9442).
[2026-09-11 14:40:12] Processing Realbooru #990162...
[2026-09-11 14:40:12]   Skipped: Post #990162 already in DB (Post #9443).
[2026-09-11 14:40:12] Processing Realbooru #990161...
[2026-09-11 14:40:12]   Skipped: Post #990161 already in DB (Post #9444).
[2026-09-11 14:40:12] Processing Realbooru #990160...
[2026-09-11 14:40:12]   Skipped: Post #990160 already in DB (Post #9445).
[2026-09-11 14:40:12] Processing Realbooru #990159...
[2026-09-11 14:40:12]   Skipped: Post #990159 already in DB (Post #9446).
[2026-09-11 14:40:12] Processing Realbooru #990158...
[2026-09-11 14:40:12]   Skipped: Post #990158 already in DB (Post #9447).
[2026-09-11 14:40:12] Processing Realbooru #990157...
[2026-09-11 14:40:12]   Skipped: Post #990157 already in DB (Post #9448).
[2026-09-11 14:40:12] Fetching page list (pid=672)...
[2026-09-11 14:40:12] Processing Realbooru #990156...
[2026-09-11 14:40:12]   Skipped: Post #990156 already in DB (Post #9449).
[2026-09-11 14:40:12] Processing Realbooru #990155...
[2026-09-11 14:40:12]   Skipped: Post #990155 already in DB (Post #9450).
[2026-09-11 14:40:12] Processing Realbooru #990154...
[2026-09-11 14:40:12]   Skipped: Post #990154 already in DB (Post #9451).
[2026-09-11 14:40:12] Processing Realbooru #990153...
[2026-09-11 14:40:12]   Skipped: Post #990153 already in DB (Post #9452).
[2026-09-11 14:40:12] Processing Realbooru #990152...
[2026-09-11 14:40:12]   Skipped: Post #990152 already in DB (Post #9453).
[2026-09-11 14:40:12] Processing Realbooru #990151...
[2026-09-11 14:40:12]   Skipped: Post #990151 already in DB (Post #9454).
[2026-09-11 14:40:12] Processing Realbooru #990150...
[2026-09-11 14:40:12]   Skipped: Post #990150 already in DB (Post #9455).
[2026-09-11 14:40:12] Processing Realbooru #990149...
[2026-09-11 14:40:12]   Skipped: Post #990149 already in DB (Post #9456).
[2026-09-11 14:40:12] Processing Realbooru #990148...
[2026-09-11 14:40:12]   Skipped: Post #990148 already in DB (Post #9457).
[2026-09-11 14:40:12] Processing Realbooru #990147...
[2026-09-11 14:40:12]   Skipped: Post #990147 already in DB (Post #9458).
[2026-09-11 14:40:12] Processing Realbooru #990146...
[2026-09-11 14:40:12]   Skipped: Post #990146 already in DB (Post #9459).
[2026-09-11 14:40:12] Processing Realbooru #990145...
[2026-09-11 14:40:12]   Skipped: Post #990145 already in DB (Post #9460).
[2026-09-11 14:40:12] Processing Realbooru #990144...
[2026-09-11 14:40:12]   Skipped: Post #990144 already in DB (Post #9461).
[2026-09-11 14:40:12] Processing Realbooru #990143...
[2026-09-11 14:40:12]   Skipped: Post #990143 already in DB (Post #9462).
[2026-09-11 14:40:12] Processing Realbooru #990142...
[2026-09-11 14:40:12]   Skipped: Post #990142 already in DB (Post #9463).
[2026-09-11 14:40:12] Processing Realbooru #990140...
[2026-09-11 14:40:12]   Skipped: Post #990140 already in DB (Post #9464).
[2026-09-11 14:40:12] Processing Realbooru #990138...
[2026-09-11 14:40:12]   Skipped: Post #990138 already in DB (Post #9465).
[2026-09-11 14:40:12] Processing Realbooru #990136...
[2026-09-11 14:40:12]   Skipped: Post #990136 already in DB (Post #9466).
[2026-09-11 14:40:12] Processing Realbooru #990134...
[2026-09-11 14:40:12]   Skipped: Post #990134 already in DB (Post #9467).
[2026-09-11 14:40:12] Processing Realbooru #990131...
[2026-09-11 14:40:12]   Skipped: Post #990131 already in DB (Post #9468).
[2026-09-11 14:40:12] Processing Realbooru #990129...
[2026-09-11 14:40:12]   Skipped: Post #990129 already in DB (Post #9469).
[2026-09-11 14:40:12] Processing Realbooru #990128...
[2026-09-11 14:40:12]   Skipped: Post #990128 already in DB (Post #9470).
[2026-09-11 14:40:12] Processing Realbooru #990126...
[2026-09-11 14:40:12]   Skipped: Post #990126 already in DB (Post #9471).
[2026-09-11 14:40:12] Processing Realbooru #990125...
[2026-09-11 14:40:12]   Skipped: Post #990125 already in DB (Post #9472).
[2026-09-11 14:40:12] Processing Realbooru #990123...
[2026-09-11 14:40:12]   Skipped: Post #990123 already in DB (Post #9473).
[2026-09-11 14:40:12] Processing Realbooru #990122...
[2026-09-11 14:40:12]   Skipped: Post #990122 already in DB (Post #9474).
[2026-09-11 14:40:12] Processing Realbooru #990120...
[2026-09-11 14:40:12]   Skipped: Post #990120 already in DB (Post #9475).
[2026-09-11 14:40:12] Processing Realbooru #990119...
[2026-09-11 14:40:12]   Skipped: Post #990119 already in DB (Post #9476).
[2026-09-11 14:40:12] Processing Realbooru #990118...
[2026-09-11 14:40:12]   Skipped: Post #990118 already in DB (Post #9477).
[2026-09-11 14:40:12] Processing Realbooru #990117...
[2026-09-11 14:40:12]   Skipped: Post #990117 already in DB (Post #9478).
[2026-09-11 14:40:12] Processing Realbooru #990116...
[2026-09-11 14:40:12]   Skipped: Post #990116 already in DB (Post #9479).
[2026-09-11 14:40:12] Processing Realbooru #990115...
[2026-09-11 14:40:12]   Skipped: Post #990115 already in DB (Post #9480).
[2026-09-11 14:40:12] Processing Realbooru #990099...
[2026-09-11 14:40:12]   Skipped: Post #990099 already in DB (Post #9481).
[2026-09-11 14:40:12] Processing Realbooru #990082...
[2026-09-11 14:40:12]   Skipped: Post #990082 already in DB (Post #9482).
[2026-09-11 14:40:12] Processing Realbooru #990063...
[2026-09-11 14:40:12]   Skipped: Post #990063 already in DB (Post #9483).
[2026-09-11 14:40:12] Processing Realbooru #990062...
[2026-09-11 14:40:12]   Skipped: Post #990062 already in DB (Post #9484).
[2026-09-11 14:40:12] Processing Realbooru #990031...
[2026-09-11 14:40:12]   Skipped: Post #990031 already in DB (Post #9485).
[2026-09-11 14:40:12] Processing Realbooru #990030...
[2026-09-11 14:40:12]   Skipped: Post #990030 already in DB (Post #9486).
[2026-09-11 14:40:12] Processing Realbooru #990029...
[2026-09-11 14:40:12]   Skipped: Post #990029 already in DB (Post #9487).
[2026-09-11 14:40:12] Processing Realbooru #990028...
[2026-09-11 14:40:12]   Skipped: Post #990028 already in DB (Post #9488).
[2026-09-11 14:40:12] Processing Realbooru #990027...
[2026-09-11 14:40:12]   Skipped: Post #990027 already in DB (Post #9489).
[2026-09-11 14:40:12] Processing Realbooru #990026...
[2026-09-11 14:40:12]   Skipped: Post #990026 already in DB (Post #9490).
[2026-09-11 14:40:12] Fetching page list (pid=714)...
[2026-09-11 14:40:13] Processing Realbooru #990025...
[2026-09-11 14:40:13]   Skipped: Post #990025 already in DB (Post #9491).
[2026-09-11 14:40:13] Processing Realbooru #990024...
[2026-09-11 14:40:13]   Skipped: Post #990024 already in DB (Post #9492).
[2026-09-11 14:40:13] Processing Realbooru #990023...
[2026-09-11 14:40:13]   Skipped: Post #990023 already in DB (Post #9493).
[2026-09-11 14:40:13] Processing Realbooru #990022...
[2026-09-11 14:40:13]   Skipped: Post #990022 already in DB (Post #9494).
[2026-09-11 14:40:13] Processing Realbooru #990021...
[2026-09-11 14:40:13]   Skipped: Post #990021 already in DB (Post #9495).
[2026-09-11 14:40:13] Processing Realbooru #990020...
[2026-09-11 14:40:13]   Skipped: Post #990020 already in DB (Post #9496).
[2026-09-11 14:40:13] Processing Realbooru #990019...
[2026-09-11 14:40:13]   Skipped: Post #990019 already in DB (Post #9497).
[2026-09-11 14:40:13] Processing Realbooru #990018...
[2026-09-11 14:40:13]   Skipped: Post #990018 already in DB (Post #9498).
[2026-09-11 14:40:13] Processing Realbooru #990017...
[2026-09-11 14:40:13]   Skipped: Post #990017 already in DB (Post #9499).
[2026-09-11 14:40:13] Processing Realbooru #990016...
[2026-09-11 14:40:13]   Skipped: Post #990016 already in DB (Post #9500).
[2026-09-11 14:40:13] Processing Realbooru #990015...
[2026-09-11 14:40:13]   Skipped: Post #990015 already in DB (Post #9501).
[2026-09-11 14:40:13] Processing Realbooru #990014...
[2026-09-11 14:40:13]   Skipped: Post #990014 already in DB (Post #9502).
[2026-09-11 14:40:13] Processing Realbooru #990013...
[2026-09-11 14:40:13]   Skipped: Post #990013 already in DB (Post #9503).
[2026-09-11 14:40:13] Processing Realbooru #990012...
[2026-09-11 14:40:13]   Skipped: Post #990012 already in DB (Post #9504).
[2026-09-11 14:40:13] Processing Realbooru #990011...
[2026-09-11 14:40:13]   Skipped: Post #990011 already in DB (Post #9505).
[2026-09-11 14:40:13] Processing Realbooru #990010...
[2026-09-11 14:40:13]   Skipped: Post #990010 already in DB (Post #9506).
[2026-09-11 14:40:13] Processing Realbooru #990009...
[2026-09-11 14:40:13]   Skipped: Post #990009 already in DB (Post #9507).
[2026-09-11 14:40:13] Processing Realbooru #990008...
[2026-09-11 14:40:13]   Skipped: Post #990008 already in DB (Post #9508).
[2026-09-11 14:40:13] Processing Realbooru #990007...
[2026-09-11 14:40:13]   Skipped: Post #990007 already in DB (Post #9509).
[2026-09-11 14:40:13] Processing Realbooru #990006...
[2026-09-11 14:40:13]   Skipped: Post #990006 already in DB (Post #9510).
[2026-09-11 14:40:13] Processing Realbooru #990005...
[2026-09-11 14:40:13]   Skipped: Post #990005 already in DB (Post #9511).
[2026-09-11 14:40:13] Processing Realbooru #990004...
[2026-09-11 14:40:13]   Skipped: Post #990004 already in DB (Post #9512).
[2026-09-11 14:40:13] Processing Realbooru #990003...
[2026-09-11 14:40:13]   Skipped: Post #990003 already in DB (Post #9513).
[2026-09-11 14:40:13] Processing Realbooru #990002...
[2026-09-11 14:40:13]   Skipped: Post #990002 already in DB (Post #9514).
[2026-09-11 14:40:13] Processing Realbooru #990001...
[2026-09-11 14:40:13]   Skipped: Post #990001 already in DB (Post #9515).
[2026-09-11 14:40:13] Processing Realbooru #990000...
[2026-09-11 14:40:13]   Skipped: Post #990000 already in DB (Post #9516).
[2026-09-11 14:40:13] Processing Realbooru #989999...
[2026-09-11 14:40:13]   Skipped: Post #989999 already in DB (Post #9517).
[2026-09-11 14:40:13] Processing Realbooru #989998...
[2026-09-11 14:40:13]   Skipped: Post #989998 already in DB (Post #9518).
[2026-09-11 14:40:13] Processing Realbooru #989975...
[2026-09-11 14:40:13]   Skipped: Post #989975 already in DB (Post #9519).
[2026-09-11 14:40:13] Processing Realbooru #989972...
[2026-09-11 14:40:13]   Skipped: Post #989972 already in DB (Post #9520).
[2026-09-11 14:40:13] Processing Realbooru #989963...
[2026-09-11 14:40:13]   Skipped: Post #989963 already in DB (Post #9521).
[2026-09-11 14:40:13] Processing Realbooru #989960...
[2026-09-11 14:40:13]   Skipped: Post #989960 already in DB (Post #9522).
[2026-09-11 14:40:13] Processing Realbooru #989959...
[2026-09-11 14:40:13]   Skipped: Post #989959 already in DB (Post #9523).
[2026-09-11 14:40:13] Processing Realbooru #989942...
[2026-09-11 14:40:13]   Skipped: Post #989942 already in DB (Post #9524).
[2026-09-11 14:40:13] Processing Realbooru #989939...
[2026-09-11 14:40:13]   Skipped: Post #989939 already in DB (Post #9525).
[2026-09-11 14:40:13] Processing Realbooru #989938...
[2026-09-11 14:40:13]   Skipped: Post #989938 already in DB (Post #9526).
[2026-09-11 14:40:13] Processing Realbooru #989872...
[2026-09-11 14:40:13]   Skipped: Post #989872 already in DB (Post #9527).
[2026-09-11 14:40:13] Processing Realbooru #989871...
[2026-09-11 14:40:13]   Skipped: Post #989871 already in DB (Post #9528).
[2026-09-11 14:40:13] Processing Realbooru #989847...
[2026-09-11 14:40:13]   Skipped: Post #989847 already in DB (Post #9529).
[2026-09-11 14:40:13] Processing Realbooru #989846...
[2026-09-11 14:40:13]   Skipped: Post #989846 already in DB (Post #9530).
[2026-09-11 14:40:13] Processing Realbooru #989831...
[2026-09-11 14:40:13]   Skipped: Post #989831 already in DB (Post #9531).
[2026-09-11 14:40:13] Processing Realbooru #989806...
[2026-09-11 14:40:13]   Skipped: Post #989806 already in DB (Post #9532).
[2026-09-11 14:40:13] Fetching page list (pid=756)...
[2026-09-11 14:40:14] Processing Realbooru #989804...
[2026-09-11 14:40:14]   Skipped: Post #989804 already in DB (Post #9533).
[2026-09-11 14:40:14] Processing Realbooru #989771...
[2026-09-11 14:40:14]   Skipped: Post #989771 already in DB (Post #9534).
[2026-09-11 14:40:14] Processing Realbooru #989738...
[2026-09-11 14:40:14]   Skipped: Post #989738 already in DB (Post #9535).
[2026-09-11 14:40:14] Processing Realbooru #989720...
[2026-09-11 14:40:14]   Skipped: Post #989720 already in DB (Post #9536).
[2026-09-11 14:40:14] Processing Realbooru #989719...
[2026-09-11 14:40:14]   Skipped: Post #989719 already in DB (Post #9537).
[2026-09-11 14:40:14] Processing Realbooru #989715...
[2026-09-11 14:40:14]   Skipped: Post #989715 already in DB (Post #9538).
[2026-09-11 14:40:14] Processing Realbooru #989713...
[2026-09-11 14:40:14]   Skipped: Post #989713 already in DB (Post #9539).
[2026-09-11 14:40:14] Processing Realbooru #989706...
[2026-09-11 14:40:14]   Skipped: Post #989706 already in DB (Post #9540).
[2026-09-11 14:40:14] Processing Realbooru #989634...
[2026-09-11 14:40:14]   Skipped: Post #989634 already in DB (Post #9541).
[2026-09-11 14:40:14] Processing Realbooru #989616...
[2026-09-11 14:40:14]   Skipped: Post #989616 already in DB (Post #9542).
[2026-09-11 14:40:14] Processing Realbooru #989587...
[2026-09-11 14:40:14]   Skipped: Post #989587 already in DB (Post #9543).
[2026-09-11 14:40:14] Processing Realbooru #989566...
[2026-09-11 14:40:14]   Skipped: Post #989566 already in DB (Post #9544).
[2026-09-11 14:40:14] Processing Realbooru #989564...
[2026-09-11 14:40:14]   Skipped: Post #989564 already in DB (Post #9545).
[2026-09-11 14:40:14] Processing Realbooru #989529...
[2026-09-11 14:40:14]   Skipped: Post #989529 already in DB (Post #9546).
[2026-09-11 14:40:14] Processing Realbooru #989527...
[2026-09-11 14:40:14]   Skipped: Post #989527 already in DB (Post #9547).
[2026-09-11 14:40:14] Processing Realbooru #989522...
[2026-09-11 14:40:14]   Skipped: Post #989522 already in DB (Post #9548).
[2026-09-11 14:40:14] Processing Realbooru #989515...
[2026-09-11 14:40:14]   Skipped: Post #989515 already in DB (Post #9549).
[2026-09-11 14:40:14] Processing Realbooru #989490...
[2026-09-11 14:40:14]   Skipped: Post #989490 already in DB (Post #9550).
[2026-09-11 14:40:14] Processing Realbooru #989489...
[2026-09-11 14:40:14]   Skipped: Post #989489 already in DB (Post #9551).
[2026-09-11 14:40:14] Processing Realbooru #989488...
[2026-09-11 14:40:14]   Skipped: Post #989488 already in DB (Post #9552).
[2026-09-11 14:40:14] Processing Realbooru #989487...
[2026-09-11 14:40:14]   Skipped: Post #989487 already in DB (Post #9553).
[2026-09-11 14:40:14] Processing Realbooru #989484...
[2026-09-11 14:40:14]   Skipped: Post #989484 already in DB (Post #9554).
[2026-09-11 14:40:14] Processing Realbooru #989483...
[2026-09-11 14:40:14]   Skipped: Post #989483 already in DB (Post #9555).
[2026-09-11 14:40:14] Processing Realbooru #989479...
[2026-09-11 14:40:14]   Skipped: Post #989479 already in DB (Post #9556).
[2026-09-11 14:40:14] Processing Realbooru #989478...
[2026-09-11 14:40:14]   Skipped: Post #989478 already in DB (Post #9557).
[2026-09-11 14:40:14] Processing Realbooru #989342...
[2026-09-11 14:40:14]   Skipped: Post #989342 already in DB (Post #9558).
[2026-09-11 14:40:14] Processing Realbooru #989292...
[2026-09-11 14:40:14]   Skipped: Post #989292 already in DB (Post #9559).
[2026-09-11 14:40:14] Processing Realbooru #989265...
[2026-09-11 14:40:14]   Skipped: Post #989265 already in DB (Post #9560).
[2026-09-11 14:40:14] Processing Realbooru #989264...
[2026-09-11 14:40:14]   Skipped: Post #989264 already in DB (Post #9561).
[2026-09-11 14:40:14] Processing Realbooru #989263...
[2026-09-11 14:40:14]   Skipped: Post #989263 already in DB (Post #9562).
[2026-09-11 14:40:14] Processing Realbooru #989257...
[2026-09-11 14:40:14]   Skipped: Post #989257 already in DB (Post #9563).
[2026-09-11 14:40:14] Processing Realbooru #989253...
[2026-09-11 14:40:14]   Skipped: Post #989253 already in DB (Post #9564).
[2026-09-11 14:40:14] Processing Realbooru #989244...
[2026-09-11 14:40:14]   Skipped: Post #989244 already in DB (Post #9565).
[2026-09-11 14:40:14] Processing Realbooru #989241...
[2026-09-11 14:40:14]   Skipped: Post #989241 already in DB (Post #9566).
[2026-09-11 14:40:14] Processing Realbooru #989240...
[2026-09-11 14:40:14]   Skipped: Post #989240 already in DB (Post #9567).
[2026-09-11 14:40:14] Processing Realbooru #989227...
[2026-09-11 14:40:14]   Skipped: Post #989227 already in DB (Post #9568).
[2026-09-11 14:40:14] Processing Realbooru #989221...
[2026-09-11 14:40:14]   Skipped: Post #989221 already in DB (Post #9569).
[2026-09-11 14:40:14] Processing Realbooru #989203...
[2026-09-11 14:40:14]   Skipped: Post #989203 already in DB (Post #9570).
[2026-09-11 14:40:14] Processing Realbooru #989202...
[2026-09-11 14:40:14]   Skipped: Post #989202 already in DB (Post #9571).
[2026-09-11 14:40:14] Processing Realbooru #989201...
[2026-09-11 14:40:14]   Skipped: Post #989201 already in DB (Post #9572).
[2026-09-11 14:40:14] Processing Realbooru #989158...
[2026-09-11 14:40:14]   Skipped: Post #989158 already in DB (Post #9573).
[2026-09-11 14:40:14] Processing Realbooru #989126...
[2026-09-11 14:43:27]   Error: File too large (max 100 MB).
[2026-09-11 14:43:27] Fetching page list (pid=798)...
[2026-09-11 14:43:29] Processing Realbooru #989012...
[2026-09-11 14:43:29]   Skipped: Post #989012 already in DB (Post #9574).
[2026-09-11 14:43:29] Processing Realbooru #989009...
[2026-09-11 14:46:25]   Error: File too large (max 100 MB).
[2026-09-11 14:46:25] Processing Realbooru #989008...
[2026-09-11 14:46:25]   Skipped: Post #989008 already in DB (Post #9575).
[2026-09-11 14:46:25] Processing Realbooru #989007...
[2026-09-11 14:46:25]   Skipped: Post #989007 already in DB (Post #9576).
[2026-09-11 14:46:25] Processing Realbooru #988956...
[2026-09-11 14:46:25]   Skipped: Post #988956 already in DB (Post #9577).
[2026-09-11 14:46:25] Processing Realbooru #988955...
[2026-09-11 14:46:25]   Skipped: Post #988955 already in DB (Post #9578).
[2026-09-11 14:46:25] Processing Realbooru #988954...
[2026-09-11 14:46:25]   Skipped: Post #988954 already in DB (Post #9579).
[2026-09-11 14:46:25] Processing Realbooru #988953...
[2026-09-11 14:46:25]   Skipped: Post #988953 already in DB (Post #9580).
[2026-09-11 14:46:25] Processing Realbooru #988952...
[2026-09-11 14:46:25]   Skipped: Post #988952 already in DB (Post #9581).
[2026-09-11 14:46:25] Processing Realbooru #988951...
[2026-09-11 14:46:25]   Skipped: Post #988951 already in DB (Post #9582).
[2026-09-11 14:46:25] Processing Realbooru #988950...
[2026-09-11 14:46:25]   Skipped: Post #988950 already in DB (Post #9583).
[2026-09-11 14:46:25] Processing Realbooru #988949...
[2026-09-11 14:46:25]   Skipped: Post #988949 already in DB (Post #9584).
[2026-09-11 14:46:25] Processing Realbooru #988948...
[2026-09-11 14:46:25]   Skipped: Post #988948 already in DB (Post #9585).
[2026-09-11 14:46:25] Processing Realbooru #988947...
[2026-09-11 14:46:25]   Skipped: Post #988947 already in DB (Post #9586).
[2026-09-11 14:46:25] Processing Realbooru #988946...
[2026-09-11 14:46:25]   Skipped: Post #988946 already in DB (Post #9587).
[2026-09-11 14:46:25] Processing Realbooru #988945...
[2026-09-11 14:46:25]   Skipped: Post #988945 already in DB (Post #9588).
[2026-09-11 14:46:25] Processing Realbooru #988943...
[2026-09-11 14:46:25]   Skipped: Post #988943 already in DB (Post #9589).
[2026-09-11 14:46:25] Processing Realbooru #988942...
[2026-09-11 14:46:25]   Skipped: Post #988942 already in DB (Post #9590).
[2026-09-11 14:46:25] Processing Realbooru #988941...
[2026-09-11 14:46:25]   Skipped: Post #988941 already in DB (Post #9591).
[2026-09-11 14:46:25] Processing Realbooru #988940...
[2026-09-11 14:46:25]   Skipped: Post #988940 already in DB (Post #9592).
[2026-09-11 14:46:25] Processing Realbooru #988939...
[2026-09-11 14:46:25]   Skipped: Post #988939 already in DB (Post #9593).
[2026-09-11 14:46:25] Processing Realbooru #988832...
[2026-09-11 14:46:25]   Skipped: Post #988832 already in DB (Post #9594).
[2026-09-11 14:46:25] Processing Realbooru #988785...
[2026-09-11 14:46:25]   Skipped: Post #988785 already in DB (Post #9595).
[2026-09-11 14:46:25] Processing Realbooru #988784...
[2026-09-11 14:46:25]   Skipped: Post #988784 already in DB (Post #9596).
[2026-09-11 14:46:25] Processing Realbooru #988781...
[2026-09-11 14:46:25]   Skipped: Post #988781 already in DB (Post #9597).
[2026-09-11 14:46:25] Processing Realbooru #988779...
[2026-09-11 14:46:25]   Skipped: Post #988779 already in DB (Post #9598).
[2026-09-11 14:46:25] Processing Realbooru #988774...
[2026-09-11 14:46:25]   Skipped: Post #988774 already in DB (Post #9599).
[2026-09-11 14:46:25] Processing Realbooru #988772...
[2026-09-11 14:46:25]   Skipped: Post #988772 already in DB (Post #9600).
[2026-09-11 14:46:25] Processing Realbooru #988771...
[2026-09-11 14:46:25]   Skipped: Post #988771 already in DB (Post #9601).
[2026-09-11 14:46:25] Processing Realbooru #988770...
[2026-09-11 14:46:25]   Skipped: Post #988770 already in DB (Post #9602).
[2026-09-11 14:46:25] Processing Realbooru #988769...
[2026-09-11 14:46:25]   Skipped: Post #988769 already in DB (Post #9603).
[2026-09-11 14:46:25] Processing Realbooru #988763...
[2026-09-11 14:46:25]   Skipped: Post #988763 already in DB (Post #9604).
[2026-09-11 14:46:25] Processing Realbooru #988762...
[2026-09-11 14:46:25]   Skipped: Post #988762 already in DB (Post #9605).
[2026-09-11 14:46:25] Processing Realbooru #988761...
[2026-09-11 14:46:25]   Skipped: Post #988761 already in DB (Post #9606).
[2026-09-11 14:46:25] Processing Realbooru #988742...
[2026-09-11 14:46:25]   Skipped: Post #988742 already in DB (Post #9607).
[2026-09-11 14:46:25] Processing Realbooru #988740...
[2026-09-11 14:46:25]   Skipped: Post #988740 already in DB (Post #9608).
[2026-09-11 14:46:25] Processing Realbooru #988713...
[2026-09-11 14:46:25]   Skipped: Post #988713 already in DB (Post #9609).
[2026-09-11 14:46:25] Processing Realbooru #988711...
[2026-09-11 14:46:25]   Skipped: Post #988711 already in DB (Post #9610).
[2026-09-11 14:46:25] Processing Realbooru #988710...
[2026-09-11 14:46:25]   Skipped: Post #988710 already in DB (Post #9611).
[2026-09-11 14:46:25] Processing Realbooru #988709...
[2026-09-11 14:46:25]   Skipped: Post #988709 already in DB (Post #9612).
[2026-09-11 14:46:25] Processing Realbooru #988708...
[2026-09-11 14:46:25]   Skipped: Post #988708 already in DB (Post #9613).
[2026-09-11 14:46:25] Processing Realbooru #988707...
[2026-09-11 14:46:25]   Skipped: Post #988707 already in DB (Post #9614).
[2026-09-11 14:46:25] Fetching page list (pid=840)...
[2026-09-11 14:46:26] Processing Realbooru #988682...
[2026-09-11 14:46:26]   Skipped: Post #988682 already in DB (Post #9615).
[2026-09-11 14:46:26] Processing Realbooru #988610...
[2026-09-11 14:46:26]   Skipped: Post #988610 already in DB (Post #9616).
[2026-09-11 14:46:26] Processing Realbooru #988606...
[2026-09-11 14:46:26]   Skipped: Post #988606 already in DB (Post #9617).
[2026-09-11 14:46:26] Processing Realbooru #988603...
[2026-09-11 14:46:26]   Skipped: Post #988603 already in DB (Post #9618).
[2026-09-11 14:46:26] Processing Realbooru #988597...
[2026-09-11 14:46:26]   Skipped: Post #988597 already in DB (Post #9619).
[2026-09-11 14:46:26] Processing Realbooru #988582...
[2026-09-11 14:46:26]   Skipped: Post #988582 already in DB (Post #9620).
[2026-09-11 14:46:26] Processing Realbooru #988563...
[2026-09-11 14:46:26]   Skipped: Post #988563 already in DB (Post #9621).
[2026-09-11 14:46:26] Processing Realbooru #988456...
[2026-09-11 14:46:26]   Skipped: Post #988456 already in DB (Post #9622).
[2026-09-11 14:46:26] Processing Realbooru #988397...
[2026-09-11 14:46:26]   Skipped: Post #988397 already in DB (Post #9623).
[2026-09-11 14:46:26] Processing Realbooru #988396...
[2026-09-11 14:46:26]   Skipped: Post #988396 already in DB (Post #9624).
[2026-09-11 14:46:26] Processing Realbooru #988369...
[2026-09-11 14:46:26]   Skipped: Post #988369 already in DB (Post #9625).
[2026-09-11 14:46:26] Processing Realbooru #988368...
[2026-09-11 14:46:26]   Skipped: Post #988368 already in DB (Post #9626).
[2026-09-11 14:46:26] Processing Realbooru #988364...
[2026-09-11 14:46:26]   Skipped: Post #988364 already in DB (Post #9627).
[2026-09-11 14:46:26] Processing Realbooru #988324...
[2026-09-11 14:46:26]   Skipped: Post #988324 already in DB (Post #9628).
[2026-09-11 14:46:26] Processing Realbooru #988205...
[2026-09-11 14:46:26]   Skipped: Post #988205 already in DB (Post #9629).
[2026-09-11 14:46:26] Processing Realbooru #988118...
[2026-09-11 14:46:26]   Skipped: Post #988118 already in DB (Post #9630).
[2026-09-11 14:46:26] Processing Realbooru #988117...
[2026-09-11 14:46:26]   Skipped: Post #988117 already in DB (Post #9631).
[2026-09-11 14:46:26] Processing Realbooru #988116...
[2026-09-11 14:46:26]   Skipped: Post #988116 already in DB (Post #9632).
[2026-09-11 14:46:26] Processing Realbooru #988038...
[2026-09-11 14:46:26]   Skipped: Post #988038 already in DB (Post #9633).
[2026-09-11 14:46:26] Processing Realbooru #988006...
[2026-09-11 14:46:26]   Skipped: Post #988006 already in DB (Post #9634).
[2026-09-11 14:46:26] Processing Realbooru #987984...
[2026-09-11 14:46:26]   Skipped: Post #987984 already in DB (Post #9635).
[2026-09-11 14:46:26] Processing Realbooru #987956...
[2026-09-11 14:46:26]   Skipped: Post #987956 already in DB (Post #9636).
[2026-09-11 14:46:26] Processing Realbooru #987908...
[2026-09-11 14:46:26]   Skipped: Post #987908 already in DB (Post #9637).
[2026-09-11 14:46:26] Processing Realbooru #987902...
[2026-09-11 14:46:26]   Skipped: Post #987902 already in DB (Post #9638).
[2026-09-11 14:46:26] Processing Realbooru #987868...
[2026-09-11 14:46:26]   Skipped: Post #987868 already in DB (Post #9639).
[2026-09-11 14:46:26] Processing Realbooru #987851...
[2026-09-11 14:46:26]   Skipped: Post #987851 already in DB (Post #9640).
[2026-09-11 14:46:26] Processing Realbooru #987816...
[2026-09-11 14:46:26]   Skipped: Post #987816 already in DB (Post #9641).
[2026-09-11 14:46:26] Processing Realbooru #987815...
[2026-09-11 14:46:26]   Skipped: Post #987815 already in DB (Post #9642).
[2026-09-11 14:46:26] Processing Realbooru #987779...
[2026-09-11 14:46:26]   Skipped: Post #987779 already in DB (Post #9643).
[2026-09-11 14:46:26] Processing Realbooru #987778...
[2026-09-11 14:46:26]   Skipped: Post #987778 already in DB (Post #9644).
[2026-09-11 14:46:26] Processing Realbooru #987737...
[2026-09-11 14:46:26]   Skipped: Post #987737 already in DB (Post #9645).
[2026-09-11 14:46:26] Processing Realbooru #987736...
[2026-09-11 14:46:26]   Skipped: Post #987736 already in DB (Post #9646).
[2026-09-11 14:46:26] Processing Realbooru #987664...
[2026-09-11 14:46:26]   Skipped: Post #987664 already in DB (Post #9647).
[2026-09-11 14:46:26] Processing Realbooru #987624...
[2026-09-11 14:46:26]   Skipped: Post #987624 already in DB (Post #9648).
[2026-09-11 14:46:26] Processing Realbooru #987598...
[2026-09-11 14:46:26]   Skipped: Post #987598 already in DB (Post #9649).
[2026-09-11 14:46:26] Processing Realbooru #987597...
[2026-09-11 14:46:26]   Skipped: Post #987597 already in DB (Post #9650).
[2026-09-11 14:46:26] Processing Realbooru #987596...
[2026-09-11 14:46:26]   Skipped: Post #987596 already in DB (Post #9651).
[2026-09-11 14:46:26] Processing Realbooru #987572...
[2026-09-11 14:46:26]   Skipped: Post #987572 already in DB (Post #9652).
[2026-09-11 14:46:26] Processing Realbooru #987569...
[2026-09-11 14:46:26]   Skipped: Post #987569 already in DB (Post #9653).
[2026-09-11 14:46:26] Processing Realbooru #987565...
[2026-09-11 14:46:26]   Skipped: Post #987565 already in DB (Post #9654).
[2026-09-11 14:46:26] Processing Realbooru #987519...
[2026-09-11 14:46:26]   Skipped: Post #987519 already in DB (Post #9655).
[2026-09-11 14:46:26] Processing Realbooru #987515...
[2026-09-11 14:46:26]   Skipped: Post #987515 already in DB (Post #9656).
[2026-09-11 14:46:26] Fetching page list (pid=882)...
[2026-09-11 14:46:28] Processing Realbooru #987476...
[2026-09-11 14:46:28]   Skipped: Post #987476 already in DB (Post #9657).
[2026-09-11 14:46:28] Processing Realbooru #987466...
[2026-09-11 14:46:28]   Skipped: Post #987466 already in DB (Post #9658).
[2026-09-11 14:46:28] Processing Realbooru #987395...
[2026-09-11 14:46:28]   Skipped: Post #987395 already in DB (Post #9659).
[2026-09-11 14:46:28] Processing Realbooru #987394...
[2026-09-11 14:46:28]   Skipped: Post #987394 already in DB (Post #9660).
[2026-09-11 14:46:28] Processing Realbooru #987393...
[2026-09-11 14:46:28]   Skipped: Post #987393 already in DB (Post #9661).
[2026-09-11 14:46:28] Processing Realbooru #987392...
[2026-09-11 14:46:28]   Skipped: Post #987392 already in DB (Post #9662).
[2026-09-11 14:46:28] Processing Realbooru #987385...
[2026-09-11 14:46:28]   Skipped: Post #987385 already in DB (Post #9663).
[2026-09-11 14:46:28] Processing Realbooru #987384...
[2026-09-11 14:46:28]   Skipped: Post #987384 already in DB (Post #9664).
[2026-09-11 14:46:28] Processing Realbooru #987383...
[2026-09-11 14:46:28]   Skipped: Post #987383 already in DB (Post #9665).
[2026-09-11 14:46:28] Processing Realbooru #987382...
[2026-09-11 14:46:28]   Skipped: Post #987382 already in DB (Post #9666).
[2026-09-11 14:46:28] Processing Realbooru #987381...
[2026-09-11 14:46:28]   Skipped: Post #987381 already in DB (Post #9667).
[2026-09-11 14:46:28] Processing Realbooru #987380...
[2026-09-11 14:46:28]   Skipped: Post #987380 already in DB (Post #9668).
[2026-09-11 14:46:28] Processing Realbooru #987378...
[2026-09-11 14:46:28]   Skipped: Post #987378 already in DB (Post #9669).
[2026-09-11 14:46:28] Processing Realbooru #987376...
[2026-09-11 14:46:28]   Skipped: Post #987376 already in DB (Post #9670).
[2026-09-11 14:46:28] Processing Realbooru #987374...
[2026-09-11 14:46:28]   Skipped: Post #987374 already in DB (Post #9671).
[2026-09-11 14:46:28] Processing Realbooru #987373...
[2026-09-11 14:46:28]   Skipped: Post #987373 already in DB (Post #9672).
[2026-09-11 14:46:28] Processing Realbooru #987372...
[2026-09-11 14:46:28]   Skipped: Post #987372 already in DB (Post #9673).
[2026-09-11 14:46:28] Processing Realbooru #987349...
[2026-09-11 14:46:28]   Skipped: Post #987349 already in DB (Post #9674).
[2026-09-11 14:46:28] Processing Realbooru #987238...
[2026-09-11 14:46:28]   Skipped: Post #987238 already in DB (Post #9675).
[2026-09-11 14:46:28] Processing Realbooru #987226...
[2026-09-11 14:46:28]   Skipped: Post #987226 already in DB (Post #9676).
[2026-09-11 14:46:28] Processing Realbooru #987220...
[2026-09-11 14:46:28]   Skipped: Post #987220 already in DB (Post #9677).
[2026-09-11 14:46:28] Processing Realbooru #987219...
[2026-09-11 14:46:28]   Skipped: Post #987219 already in DB (Post #9678).
[2026-09-11 14:46:28] Processing Realbooru #987196...
[2026-09-11 14:46:28]   Skipped: Post #987196 already in DB (Post #9679).
[2026-09-11 14:46:28] Processing Realbooru #987157...
[2026-09-11 14:46:28]   Skipped: Post #987157 already in DB (Post #9680).
[2026-09-11 14:46:28] Processing Realbooru #987150...
[2026-09-11 14:46:28]   Skipped: Post #987150 already in DB (Post #9681).
[2026-09-11 14:46:28] Processing Realbooru #987105...
[2026-09-11 14:46:28]   Skipped: Post #987105 already in DB (Post #9682).
[2026-09-11 14:46:28] Processing Realbooru #987065...
[2026-09-11 14:46:28]   Skipped: Post #987065 already in DB (Post #9683).
[2026-09-11 14:46:28] Processing Realbooru #987059...
[2026-09-11 14:46:28]   Skipped: Post #987059 already in DB (Post #9684).
[2026-09-11 14:46:28] Processing Realbooru #986957...
[2026-09-11 14:46:28]   Skipped: Post #986957 already in DB (Post #9685).
[2026-09-11 14:46:28] Processing Realbooru #986905...
[2026-09-11 14:46:28]   Skipped: Post #986905 already in DB (Post #9686).
[2026-09-11 14:46:28] Processing Realbooru #986902...
[2026-09-11 14:46:28]   Skipped: Post #986902 already in DB (Post #9687).
[2026-09-11 14:46:28] Processing Realbooru #986900...
[2026-09-11 14:46:28]   Skipped: Post #986900 already in DB (Post #9688).
[2026-09-11 14:46:28] Processing Realbooru #986897...
[2026-09-11 14:46:28]   Skipped: Post #986897 already in DB (Post #9689).
[2026-09-11 14:46:28] Processing Realbooru #986896...
[2026-09-11 14:46:28]   Skipped: Post #986896 already in DB (Post #9690).
[2026-09-11 14:46:28] Processing Realbooru #986895...
[2026-09-11 14:46:28]   Skipped: Post #986895 already in DB (Post #9691).
[2026-09-11 14:46:28] Processing Realbooru #986894...
[2026-09-11 14:46:28]   Skipped: Post #986894 already in DB (Post #9692).
[2026-09-11 14:46:28] Processing Realbooru #986893...
[2026-09-11 14:46:28]   Skipped: Post #986893 already in DB (Post #9693).
[2026-09-11 14:46:28] Processing Realbooru #986891...
[2026-09-11 14:46:28]   Skipped: Post #986891 already in DB (Post #9694).
[2026-09-11 14:46:28] Processing Realbooru #986863...
[2026-09-11 14:46:28]   Skipped: Post #986863 already in DB (Post #9695).
[2026-09-11 14:46:28] Processing Realbooru #986846...
[2026-09-11 14:46:28]   Skipped: Post #986846 already in DB (Post #9696).
[2026-09-11 14:46:28] Processing Realbooru #986837...
[2026-09-11 14:46:28]   Skipped: Post #986837 already in DB (Post #9697).
[2026-09-11 14:46:28] Processing Realbooru #986811...
[2026-09-11 14:46:28]   Skipped: Post #986811 already in DB (Post #9698).
[2026-09-11 14:46:28] Fetching page list (pid=924)...
[2026-09-11 14:46:29] Processing Realbooru #986810...
[2026-09-11 14:46:29]   Skipped: Post #986810 already in DB (Post #9699).
[2026-09-11 14:46:29] Processing Realbooru #986806...
[2026-09-11 14:46:29]   Skipped: Post #986806 already in DB (Post #9700).
[2026-09-11 14:46:29] Processing Realbooru #986787...
[2026-09-11 14:46:29]   Skipped: Post #986787 already in DB (Post #9701).
[2026-09-11 14:46:29] Processing Realbooru #986765...
[2026-09-11 14:46:29]   Skipped: Post #986765 already in DB (Post #9702).
[2026-09-11 14:46:29] Processing Realbooru #986679...
[2026-09-11 14:46:29]   Skipped: Post #986679 already in DB (Post #9703).
[2026-09-11 14:46:29] Processing Realbooru #986649...
[2026-09-11 14:46:29]   Skipped: Post #986649 already in DB (Post #9704).
[2026-09-11 14:46:29] Processing Realbooru #986623...
[2026-09-11 14:46:29]   Skipped: Post #986623 already in DB (Post #9705).
[2026-09-11 14:46:29] Processing Realbooru #986622...
[2026-09-11 14:46:29]   Skipped: Post #986622 already in DB (Post #9706).
[2026-09-11 14:46:29] Processing Realbooru #986621...
[2026-09-11 14:46:29]   Skipped: Post #986621 already in DB (Post #9707).
[2026-09-11 14:46:29] Processing Realbooru #986559...
[2026-09-11 14:46:29]   Skipped: Post #986559 already in DB (Post #9708).
[2026-09-11 14:46:29] Processing Realbooru #986558...
[2026-09-11 14:46:29]   Skipped: Post #986558 already in DB (Post #9709).
[2026-09-11 14:46:29] Processing Realbooru #986557...
[2026-09-11 14:46:29]   Skipped: Post #986557 already in DB (Post #9710).
[2026-09-11 14:46:29] Processing Realbooru #986556...
[2026-09-11 14:46:29]   Skipped: Post #986556 already in DB (Post #9711).
[2026-09-11 14:46:29] Processing Realbooru #986555...
[2026-09-11 14:46:29]   Skipped: Post #986555 already in DB (Post #9712).
[2026-09-11 14:46:29] Processing Realbooru #986527...
[2026-09-11 14:46:29]   Skipped: Post #986527 already in DB (Post #9713).
[2026-09-11 14:46:29] Processing Realbooru #986490...
[2026-09-11 14:46:29]   Skipped: Post #986490 already in DB (Post #9714).
[2026-09-11 14:46:29] Processing Realbooru #986488...
[2026-09-11 14:46:29]   Skipped: Post #986488 already in DB (Post #9715).
[2026-09-11 14:46:29] Processing Realbooru #986459...
[2026-09-11 14:46:29]   Skipped: Post #986459 already in DB (Post #9716).
[2026-09-11 14:46:29] Processing Realbooru #986458...
[2026-09-11 14:46:29]   Skipped: Post #986458 already in DB (Post #9717).
[2026-09-11 14:46:29] Processing Realbooru #986453...
[2026-09-11 14:46:29]   Skipped: Post #986453 already in DB (Post #9718).
[2026-09-11 14:46:29] Processing Realbooru #986450...
[2026-09-11 14:46:29]   Skipped: Post #986450 already in DB (Post #9719).
[2026-09-11 14:46:29] Processing Realbooru #986445...
[2026-09-11 14:46:29]   Skipped: Post #986445 already in DB (Post #9720).
[2026-09-11 14:46:29] Processing Realbooru #986444...
[2026-09-11 14:46:29]   Skipped: Post #986444 already in DB (Post #9721).
[2026-09-11 14:46:29] Processing Realbooru #986443...
[2026-09-11 14:46:29]   Skipped: Post #986443 already in DB (Post #9722).
[2026-09-11 14:46:29] Processing Realbooru #986441...
[2026-09-11 14:46:29]   Skipped: Post #986441 already in DB (Post #9723).
[2026-09-11 14:46:29] Processing Realbooru #986439...
[2026-09-11 14:46:29]   Skipped: Post #986439 already in DB (Post #9724).
[2026-09-11 14:46:29] Processing Realbooru #986436...
[2026-09-11 14:46:29]   Skipped: Post #986436 already in DB (Post #9725).
[2026-09-11 14:46:29] Processing Realbooru #986435...
[2026-09-11 14:46:29]   Skipped: Post #986435 already in DB (Post #9726).
[2026-09-11 14:46:29] Processing Realbooru #986427...
[2026-09-11 14:46:29]   Skipped: Post #986427 already in DB (Post #9727).
[2026-09-11 14:46:29] Processing Realbooru #986426...
[2026-09-11 14:46:29]   Skipped: Post #986426 already in DB (Post #9728).
[2026-09-11 14:46:29] Processing Realbooru #986425...
[2026-09-11 14:46:29]   Skipped: Post #986425 already in DB (Post #9729).
[2026-09-11 14:46:29] Processing Realbooru #986393...
[2026-09-11 14:46:29]   Skipped: Post #986393 already in DB (Post #9730).
[2026-09-11 14:46:29] Processing Realbooru #986322...
[2026-09-11 14:46:29]   Skipped: Post #986322 already in DB (Post #9731).
[2026-09-11 14:46:29] Processing Realbooru #986321...
[2026-09-11 14:46:29]   Skipped: Post #986321 already in DB (Post #9732).
[2026-09-11 14:46:29] Processing Realbooru #986320...
[2026-09-11 14:46:29]   Skipped: Post #986320 already in DB (Post #9733).
[2026-09-11 14:46:29] Processing Realbooru #986319...
[2026-09-11 14:46:29]   Skipped: Post #986319 already in DB (Post #9734).
[2026-09-11 14:46:29] Processing Realbooru #986302...
[2026-09-11 14:46:29]   Skipped: Post #986302 already in DB (Post #9735).
[2026-09-11 14:46:29] Processing Realbooru #986301...
[2026-09-11 14:46:29]   Skipped: Post #986301 already in DB (Post #9736).
[2026-09-11 14:46:29] Processing Realbooru #986299...
[2026-09-11 14:46:29]   Skipped: Post #986299 already in DB (Post #9737).
[2026-09-11 14:46:29] Processing Realbooru #986294...
[2026-09-11 14:46:29]   Skipped: Post #986294 already in DB (Post #9738).
[2026-09-11 14:46:29] Processing Realbooru #986293...
[2026-09-11 14:46:29]   Skipped: Post #986293 already in DB (Post #9739).
[2026-09-11 14:46:29] Processing Realbooru #986292...
[2026-09-11 14:46:29]   Skipped: Post #986292 already in DB (Post #9740).
[2026-09-11 14:46:29] Fetching page list (pid=966)...
[2026-09-11 14:46:30] Processing Realbooru #986291...
[2026-09-11 14:46:30]   Skipped: Post #986291 already in DB (Post #9741).
[2026-09-11 14:46:30] Processing Realbooru #986283...
[2026-09-11 14:46:30]   Skipped: Post #986283 already in DB (Post #9742).
[2026-09-11 14:46:30] Processing Realbooru #986265...
[2026-09-11 14:46:30]   Skipped: Post #986265 already in DB (Post #9743).
[2026-09-11 14:46:30] Processing Realbooru #986264...
[2026-09-11 14:46:30]   Skipped: Post #986264 already in DB (Post #9744).
[2026-09-11 14:46:30] Processing Realbooru #986263...
[2026-09-11 14:46:30]   Skipped: Post #986263 already in DB (Post #9745).
[2026-09-11 14:46:30] Processing Realbooru #986255...
[2026-09-11 14:46:30]   Skipped: Post #986255 already in DB (Post #9746).
[2026-09-11 14:46:30] Processing Realbooru #986215...
[2026-09-11 14:46:30]   Skipped: Post #986215 already in DB (Post #9747).
[2026-09-11 14:46:30] Processing Realbooru #986192...
[2026-09-11 14:46:30]   Skipped: Post #986192 already in DB (Post #9748).
[2026-09-11 14:46:30] Processing Realbooru #986182...
[2026-09-11 14:46:30]   Skipped: Post #986182 already in DB (Post #9749).
[2026-09-11 14:46:30] Processing Realbooru #986181...
[2026-09-11 14:46:30]   Skipped: Post #986181 already in DB (Post #9750).
[2026-09-11 14:46:30] Processing Realbooru #986155...
[2026-09-11 14:46:30]   Skipped: Post #986155 already in DB (Post #9751).
[2026-09-11 14:46:30] Processing Realbooru #986154...
[2026-09-11 14:46:30]   Skipped: Post #986154 already in DB (Post #9752).
[2026-09-11 14:46:30] Processing Realbooru #986152...
[2026-09-11 14:46:30]   Skipped: Post #986152 already in DB (Post #9753).
[2026-09-11 14:46:30] Processing Realbooru #986098...
[2026-09-11 14:46:30]   Skipped: Post #986098 already in DB (Post #9754).
[2026-09-11 14:46:30] Processing Realbooru #986063...
[2026-09-11 14:46:30]   Skipped: Post #986063 already in DB (Post #9755).
[2026-09-11 14:46:30] Processing Realbooru #986057...
[2026-09-11 14:46:30]   Skipped: Post #986057 already in DB (Post #9756).
[2026-09-11 14:46:30] Processing Realbooru #986025...
[2026-09-11 14:46:30]   Skipped: Post #986025 already in DB (Post #9757).
[2026-09-11 14:46:30] Processing Realbooru #985947...
[2026-09-11 14:46:30]   Skipped: Post #985947 already in DB (Post #9758).
[2026-09-11 14:46:30] Processing Realbooru #985922...
[2026-09-11 14:46:30]   Skipped: Post #985922 already in DB (Post #9759).
[2026-09-11 14:46:30] Processing Realbooru #985897...
[2026-09-11 14:46:30]   Skipped: Post #985897 already in DB (Post #9760).
[2026-09-11 14:46:30] Processing Realbooru #985890...
[2026-09-11 14:46:30]   Skipped: Post #985890 already in DB (Post #9761).
[2026-09-11 14:46:30] Processing Realbooru #985839...
[2026-09-11 14:46:30]   Skipped: Post #985839 already in DB (Post #9762).
[2026-09-11 14:46:30] Processing Realbooru #985776...
[2026-09-11 14:46:30]   Skipped: Post #985776 already in DB (Post #9763).
[2026-09-11 14:46:30] Processing Realbooru #985775...
[2026-09-11 14:46:30]   Skipped: Post #985775 already in DB (Post #9764).
[2026-09-11 14:46:30] Processing Realbooru #985664...
[2026-09-11 14:46:30]   Skipped: Post #985664 already in DB (Post #9765).
[2026-09-11 14:46:30] Processing Realbooru #985663...
[2026-09-11 14:46:30]   Skipped: Post #985663 already in DB (Post #9766).
[2026-09-11 14:46:30] Processing Realbooru #985634...
[2026-09-11 14:46:30]   Skipped: Post #985634 already in DB (Post #9767).
[2026-09-11 14:46:30] Processing Realbooru #985580...
[2026-09-11 14:46:30]   Skipped: Post #985580 already in DB (Post #9768).
[2026-09-11 14:46:30] Processing Realbooru #985542...
[2026-09-11 14:46:30]   Skipped: Post #985542 already in DB (Post #9769).
[2026-09-11 14:46:30] Processing Realbooru #985540...
[2026-09-11 14:46:30]   Skipped: Post #985540 already in DB (Post #9770).
[2026-09-11 14:46:30] Processing Realbooru #985534...
[2026-09-11 14:46:30]   Skipped: Post #985534 already in DB (Post #9771).
[2026-09-11 14:46:30] Processing Realbooru #985533...
[2026-09-11 14:46:30]   Skipped: Post #985533 already in DB (Post #9772).
[2026-09-11 14:46:30] Processing Realbooru #985509...
[2026-09-11 14:46:30]   Skipped: Post #985509 already in DB (Post #9773).
[2026-09-11 14:46:30] Processing Realbooru #985465...
[2026-09-11 14:46:30]   Skipped: Post #985465 already in DB (Post #9774).
[2026-09-11 14:46:30] Processing Realbooru #985449...
[2026-09-11 14:46:30]   Skipped: Post #985449 already in DB (Post #9775).
[2026-09-11 14:46:30] Processing Realbooru #985447...
[2026-09-11 14:46:30]   Skipped: Post #985447 already in DB (Post #9776).
[2026-09-11 14:46:30] Processing Realbooru #985442...
[2026-09-11 14:46:30]   Skipped: Post #985442 already in DB (Post #9777).
[2026-09-11 14:46:30] Processing Realbooru #985435...
[2026-09-11 14:46:30]   Skipped: Post #985435 already in DB (Post #9778).
[2026-09-11 14:46:30] Processing Realbooru #985433...
[2026-09-11 14:46:30]   Skipped: Post #985433 already in DB (Post #9779).
[2026-09-11 14:46:30] Processing Realbooru #985364...
[2026-09-11 14:46:30]   Skipped: Post #985364 already in DB (Post #9780).
[2026-09-11 14:46:30] Processing Realbooru #985362...
[2026-09-11 14:46:30]   Skipped: Post #985362 already in DB (Post #9781).
[2026-09-11 14:46:30] Processing Realbooru #985343...
[2026-09-11 14:46:30]   Skipped: Post #985343 already in DB (Post #9782).
[2026-09-11 14:46:30] Fetching page list (pid=1008)...
[2026-09-11 14:46:32] Processing Realbooru #985341...
[2026-09-11 14:46:32]   Skipped: Post #985341 already in DB (Post #9783).
[2026-09-11 14:46:32] Processing Realbooru #985340...
[2026-09-11 14:46:32]   Skipped: Post #985340 already in DB (Post #9784).
[2026-09-11 14:46:32] Processing Realbooru #985299...
[2026-09-11 14:46:32]   Skipped: Post #985299 already in DB (Post #9785).
[2026-09-11 14:46:32] Processing Realbooru #985298...
[2026-09-11 14:46:32]   Skipped: Post #985298 already in DB (Post #9786).
[2026-09-11 14:46:32] Processing Realbooru #985297...
[2026-09-11 14:46:32]   Skipped: Post #985297 already in DB (Post #9787).
[2026-09-11 14:46:32] Processing Realbooru #985197...
[2026-09-11 14:46:32]   Skipped: Post #985197 already in DB (Post #9788).
[2026-09-11 14:46:32] Processing Realbooru #985165...
[2026-09-11 14:46:32]   Skipped: Post #985165 already in DB (Post #9789).
[2026-09-11 14:46:32] Processing Realbooru #985164...
[2026-09-11 14:46:32]   Skipped: Post #985164 already in DB (Post #9790).
[2026-09-11 14:46:32] Processing Realbooru #985163...
[2026-09-11 14:46:32]   Skipped: Post #985163 already in DB (Post #9791).
[2026-09-11 14:46:32] Processing Realbooru #985162...
[2026-09-11 14:46:32]   Skipped: Post #985162 already in DB (Post #9792).
[2026-09-11 14:46:32] Processing Realbooru #985161...
[2026-09-11 14:46:32]   Skipped: Post #985161 already in DB (Post #9793).
[2026-09-11 14:46:32] Processing Realbooru #985160...
[2026-09-11 14:46:32]   Skipped: Post #985160 already in DB (Post #9794).
[2026-09-11 14:46:32] Processing Realbooru #985158...
[2026-09-11 14:46:32]   Skipped: Post #985158 already in DB (Post #9795).
[2026-09-11 14:46:32] Processing Realbooru #985157...
[2026-09-11 14:46:32]   Skipped: Post #985157 already in DB (Post #9796).
[2026-09-11 14:46:32] Processing Realbooru #985156...
[2026-09-11 14:46:32]   Skipped: Post #985156 already in DB (Post #9797).
[2026-09-11 14:46:32] Processing Realbooru #985155...
[2026-09-11 14:46:32]   Skipped: Post #985155 already in DB (Post #9798).
[2026-09-11 14:46:32] Processing Realbooru #985145...
[2026-09-11 14:46:32]   Skipped: Post #985145 already in DB (Post #9799).
[2026-09-11 14:46:32] Processing Realbooru #985140...
[2026-09-11 14:46:32]   Skipped: Post #985140 already in DB (Post #9800).
[2026-09-11 14:46:32] Processing Realbooru #985133...
[2026-09-11 14:46:32]   Skipped: Post #985133 already in DB (Post #9801).
[2026-09-11 14:46:32] Processing Realbooru #985103...
[2026-09-11 14:46:32]   Skipped: Post #985103 already in DB (Post #9802).
[2026-09-11 14:46:32] Processing Realbooru #985097...
[2026-09-11 14:46:32]   Skipped: Post #985097 already in DB (Post #9803).
[2026-09-11 14:46:32] Processing Realbooru #985096...
[2026-09-11 14:46:32]   Skipped: Post #985096 already in DB (Post #9804).
[2026-09-11 14:46:32] Processing Realbooru #985023...
[2026-09-11 14:46:32]   Skipped: Post #985023 already in DB (Post #9805).
[2026-09-11 14:46:32] Processing Realbooru #985022...
[2026-09-11 14:46:32]   Skipped: Post #985022 already in DB (Post #9806).
[2026-09-11 14:46:32] Processing Realbooru #985021...
[2026-09-11 14:46:32]   Skipped: Post #985021 already in DB (Post #9807).
[2026-09-11 14:46:32] Processing Realbooru #985020...
[2026-09-11 14:46:32]   Skipped: Post #985020 already in DB (Post #9808).
[2026-09-11 14:46:32] Processing Realbooru #984989...
[2026-09-11 14:46:32]   Skipped: Post #984989 already in DB (Post #9809).
[2026-09-11 14:46:32] Processing Realbooru #984969...
[2026-09-11 14:46:32]   Skipped: Post #984969 already in DB (Post #9810).
[2026-09-11 14:46:32] Processing Realbooru #984959...
[2026-09-11 14:46:32]   Skipped: Post #984959 already in DB (Post #9811).
[2026-09-11 14:46:32] Processing Realbooru #984957...
[2026-09-11 14:46:32]   Skipped: Post #984957 already in DB (Post #9812).
[2026-09-11 14:46:32] Processing Realbooru #984956...
[2026-09-11 14:46:32]   Skipped: Post #984956 already in DB (Post #9813).
[2026-09-11 14:46:32] Processing Realbooru #984954...
[2026-09-11 14:46:32]   Skipped: Post #984954 already in DB (Post #9814).
[2026-09-11 14:46:32] Processing Realbooru #984953...
[2026-09-11 14:46:32]   Skipped: Post #984953 already in DB (Post #9815).
[2026-09-11 14:46:32] Processing Realbooru #984941...
[2026-09-11 14:46:32]   Skipped: Post #984941 already in DB (Post #9816).
[2026-09-11 14:46:32] Processing Realbooru #984776...
[2026-09-11 14:46:32]   Skipped: Post #984776 already in DB (Post #9817).
[2026-09-11 14:46:32] Processing Realbooru #984760...
[2026-09-11 14:46:32]   Skipped: Post #984760 already in DB (Post #9818).
[2026-09-11 14:46:32] Processing Realbooru #984738...
[2026-09-11 14:46:32]   Skipped: Post #984738 already in DB (Post #9819).
[2026-09-11 14:46:32] Processing Realbooru #984727...
[2026-09-11 14:46:32]   Skipped: Post #984727 already in DB (Post #9820).
[2026-09-11 14:46:32] Processing Realbooru #984726...
[2026-09-11 14:46:32]   Skipped: Post #984726 already in DB (Post #9821).
[2026-09-11 14:46:32] Processing Realbooru #984621...
[2026-09-11 14:46:32]   Skipped: Post #984621 already in DB (Post #9822).
[2026-09-11 14:46:32] Processing Realbooru #984619...
[2026-09-11 14:46:32]   Skipped: Post #984619 already in DB (Post #9823).
[2026-09-11 14:46:32] Processing Realbooru #984588...
[2026-09-11 14:46:32]   Skipped: Post #984588 already in DB (Post #9824).
[2026-09-11 14:46:32] Fetching page list (pid=1050)...
[2026-09-11 14:46:33] Processing Realbooru #984587...
[2026-09-11 14:46:33]   Skipped: Post #984587 already in DB (Post #9825).
[2026-09-11 14:46:33] Processing Realbooru #984586...
[2026-09-11 14:46:33]   Skipped: Post #984586 already in DB (Post #9826).
[2026-09-11 14:46:33] Processing Realbooru #984510...
[2026-09-11 14:46:33]   Skipped: Post #984510 already in DB (Post #9827).
[2026-09-11 14:46:33] Processing Realbooru #984453...
[2026-09-11 14:46:33]   Skipped: Post #984453 already in DB (Post #9828).
[2026-09-11 14:46:33] Processing Realbooru #984437...
[2026-09-11 14:46:33]   Skipped: Post #984437 already in DB (Post #9829).
[2026-09-11 14:46:33] Processing Realbooru #984433...
[2026-09-11 14:46:33]   Skipped: Post #984433 already in DB (Post #9830).
[2026-09-11 14:46:33] Processing Realbooru #984429...
[2026-09-11 14:46:33]   Skipped: Post #984429 already in DB (Post #9831).
[2026-09-11 14:46:33] Processing Realbooru #984367...
[2026-09-11 14:46:33]   Skipped: Post #984367 already in DB (Post #9832).
[2026-09-11 14:46:33] Processing Realbooru #984366...
[2026-09-11 14:46:33]   Skipped: Post #984366 already in DB (Post #9833).
[2026-09-11 14:46:33] Processing Realbooru #984365...
[2026-09-11 14:46:33]   Skipped: Post #984365 already in DB (Post #9834).
[2026-09-11 14:46:33] Processing Realbooru #984364...
[2026-09-11 14:46:33]   Skipped: Post #984364 already in DB (Post #9835).
[2026-09-11 14:46:33] Processing Realbooru #984362...
[2026-09-11 14:46:33]   Skipped: Post #984362 already in DB (Post #9836).
[2026-09-11 14:46:33] Processing Realbooru #984359...
[2026-09-11 14:46:33]   Skipped: Post #984359 already in DB (Post #9837).
[2026-09-11 14:46:33] Processing Realbooru #984252...
[2026-09-11 14:46:33]   Skipped: Post #984252 already in DB (Post #9838).
[2026-09-11 14:46:33] Processing Realbooru #984251...
[2026-09-11 14:46:33]   Skipped: Post #984251 already in DB (Post #9839).
[2026-09-11 14:46:33] Processing Realbooru #984071...
[2026-09-11 14:46:33]   Skipped: Post #984071 already in DB (Post #9840).
[2026-09-11 14:46:33] Processing Realbooru #984061...
[2026-09-11 14:49:36]   Error: File too large (max 100 MB).
[2026-09-11 14:49:36] Processing Realbooru #984056...
[2026-09-11 14:49:36]   Skipped: Post #984056 already in DB (Post #9841).
[2026-09-11 14:49:36] Processing Realbooru #984054...
[2026-09-11 14:49:36]   Skipped: Post #984054 already in DB (Post #9842).
[2026-09-11 14:49:36] Processing Realbooru #984053...
[2026-09-11 14:49:36]   Skipped: Post #984053 already in DB (Post #9843).
[2026-09-11 14:49:36] Processing Realbooru #984052...
[2026-09-11 14:49:36]   Skipped: Post #984052 already in DB (Post #9844).
[2026-09-11 14:49:36] Processing Realbooru #984034...
[2026-09-11 14:49:36]   Skipped: Post #984034 already in DB (Post #9845).
[2026-09-11 14:49:36] Processing Realbooru #983987...
[2026-09-11 14:49:36]   Skipped: Post #983987 already in DB (Post #9846).
[2026-09-11 14:49:36] Processing Realbooru #983985...
[2026-09-11 14:49:36]   Skipped: Post #983985 already in DB (Post #9847).
[2026-09-11 14:49:36] Processing Realbooru #983983...
[2026-09-11 14:49:36]   Skipped: Post #983983 already in DB (Post #9848).
[2026-09-11 14:49:36] Processing Realbooru #983982...
[2026-09-11 14:49:36]   Skipped: Post #983982 already in DB (Post #9849).
[2026-09-11 14:49:36] Processing Realbooru #983981...
[2026-09-11 14:49:36]   Skipped: Post #983981 already in DB (Post #9850).
[2026-09-11 14:49:36] Processing Realbooru #983980...
[2026-09-11 14:49:36]   Skipped: Post #983980 already in DB (Post #9851).
[2026-09-11 14:49:36] Processing Realbooru #983969...
[2026-09-11 14:49:36]   Skipped: Post #983969 already in DB (Post #9852).
[2026-09-11 14:49:36] Processing Realbooru #983901...
[2026-09-11 14:49:36]   Skipped: Post #983901 already in DB (Post #9853).
[2026-09-11 14:49:36] Processing Realbooru #983833...
[2026-09-11 14:49:36]   Skipped: Post #983833 already in DB (Post #9854).
[2026-09-11 14:49:36] Processing Realbooru #983831...
[2026-09-11 14:49:36]   Skipped: Post #983831 already in DB (Post #9855).
[2026-09-11 14:49:36] Processing Realbooru #983830...
[2026-09-11 14:49:36]   Skipped: Post #983830 already in DB (Post #9856).
[2026-09-11 14:49:36] Processing Realbooru #983827...
[2026-09-11 14:49:36]   Skipped: Post #983827 already in DB (Post #9857).
[2026-09-11 14:49:36] Processing Realbooru #983826...
[2026-09-11 14:49:36]   Skipped: Post #983826 already in DB (Post #9858).
[2026-09-11 14:49:36] Processing Realbooru #983825...
[2026-09-11 14:49:36]   Skipped: Post #983825 already in DB (Post #9859).
[2026-09-11 14:49:36] Processing Realbooru #983824...
[2026-09-11 14:49:36]   Skipped: Post #983824 already in DB (Post #9860).
[2026-09-11 14:49:36] Processing Realbooru #983800...
[2026-09-11 14:49:36]   Skipped: Post #983800 already in DB (Post #9861).
[2026-09-11 14:49:36] Processing Realbooru #983781...
[2026-09-11 14:49:36]   Skipped: Post #983781 already in DB (Post #9862).
[2026-09-11 14:49:36] Processing Realbooru #983739...
[2026-09-11 14:49:36]   Skipped: Post #983739 already in DB (Post #9863).
[2026-09-11 14:49:36] Processing Realbooru #983736...
[2026-09-11 14:49:36]   Skipped: Post #983736 already in DB (Post #9864).
[2026-09-11 14:49:36] Processing Realbooru #983612...
[2026-09-11 14:49:36]   Skipped: Post #983612 already in DB (Post #9865).
[2026-09-11 14:49:36] Fetching page list (pid=1092)...
[2026-09-11 14:49:37] Processing Realbooru #983611...
[2026-09-11 14:49:37]   Skipped: Post #983611 already in DB (Post #9866).
[2026-09-11 14:49:37] Processing Realbooru #983610...
[2026-09-11 14:49:37]   Skipped: Post #983610 already in DB (Post #9867).
[2026-09-11 14:49:37] Processing Realbooru #983607...
[2026-09-11 14:49:37]   Skipped: Post #983607 already in DB (Post #9868).
[2026-09-11 14:49:37] Processing Realbooru #983605...
[2026-09-11 14:49:37]   Skipped: Post #983605 already in DB (Post #9869).
[2026-09-11 14:49:37] Processing Realbooru #983602...
[2026-09-11 14:49:37]   Skipped: Post #983602 already in DB (Post #9870).
[2026-09-11 14:49:37] Processing Realbooru #983600...
[2026-09-11 14:49:37]   Skipped: Post #983600 already in DB (Post #9871).
[2026-09-11 14:49:37] Processing Realbooru #983599...
[2026-09-11 14:49:37]   Skipped: Post #983599 already in DB (Post #9872).
[2026-09-11 14:49:37] Processing Realbooru #983586...
[2026-09-11 14:49:37]   Skipped: Post #983586 already in DB (Post #9873).
[2026-09-11 14:49:37] Processing Realbooru #983577...
[2026-09-11 14:49:37]   Skipped: Post #983577 already in DB (Post #9874).
[2026-09-11 14:49:37] Processing Realbooru #983575...
[2026-09-11 14:49:37]   Skipped: Post #983575 already in DB (Post #9875).
[2026-09-11 14:49:37] Processing Realbooru #983563...
[2026-09-11 14:49:37]   Skipped: Post #983563 already in DB (Post #9876).
[2026-09-11 14:49:37] Processing Realbooru #983527...
[2026-09-11 14:49:37]   Skipped: Post #983527 already in DB (Post #9877).
[2026-09-11 14:49:37] Processing Realbooru #983451...
[2026-09-11 14:49:37]   Skipped: Post #983451 already in DB (Post #9878).
[2026-09-11 14:49:37] Processing Realbooru #983447...
[2026-09-11 14:49:37]   Skipped: Post #983447 already in DB (Post #9879).
[2026-09-11 14:49:37] Processing Realbooru #983441...
[2026-09-11 14:49:37]   Skipped: Post #983441 already in DB (Post #9880).
[2026-09-11 14:49:37] Processing Realbooru #983439...
[2026-09-11 14:49:37]   Skipped: Post #983439 already in DB (Post #9881).
[2026-09-11 14:49:37] Processing Realbooru #983438...
[2026-09-11 14:49:37]   Skipped: Post #983438 already in DB (Post #9882).
[2026-09-11 14:49:37] Processing Realbooru #983199...
[2026-09-11 14:49:37]   Skipped: Post #983199 already in DB (Post #9883).
[2026-09-11 14:49:37] Processing Realbooru #983198...
[2026-09-11 14:49:37]   Skipped: Post #983198 already in DB (Post #9884).
[2026-09-11 14:49:37] Processing Realbooru #983091...
[2026-09-11 14:49:37]   Skipped: Post #983091 already in DB (Post #9885).
[2026-09-11 14:49:37] Processing Realbooru #983090...
[2026-09-11 14:49:37]   Skipped: Post #983090 already in DB (Post #9886).
[2026-09-11 14:49:37] Processing Realbooru #983087...
